Time (h)	GUR	mu
0	-13.09117588	0.789912823
0.01	-13.00015758	0.791030105
0.02	-12.90960947	0.792053945
0.03	-12.81954244	0.792986479
0.04	-12.72996678	0.793829818
0.05	-12.64089217	0.794586045
0.06	-12.55232772	0.795257212
0.07	-12.46428198	0.795845346
0.08	-12.37676295	0.796352443
0.09	-12.28977811	0.79678047
0.1	-12.20333441	0.797131364
0.11	-12.11743832	0.797407033
0.12	-12.03209584	0.797609354
0.13	-11.94731248	0.797740174
0.14	-11.86309333	0.797801309
0.15	-11.77944303	0.797794544
0.16	-11.69636581	0.797721636
0.17	-11.61386549	0.797584308
0.18	-11.53194552	0.797384254
0.19	-11.45060896	0.797123139
0.2	-11.36985851	0.796802594
0.21	-11.28969652	0.796424223
0.22	-11.21012502	0.795989599
0.23	-11.13114572	0.795500263
0.24	-11.05275999	0.79495773
0.25	-10.97496895	0.794363481
0.26	-10.8977734	0.793718971
0.27	-10.82117388	0.793025625
0.28	-10.74517066	0.792284838
0.29	-10.66976379	0.791497979
0.3	-10.59495303	0.790666386
0.31	-10.52073796	0.789791371
0.32	-10.4471179	0.788874217
0.33	-10.37409199	0.787916182
0.34	-10.30165915	0.786918493
0.35	-10.22981813	0.785882355
0.36	-10.15856746	0.784808945
0.37	-10.08790554	0.783699412
0.38	-10.01783057	0.782554883
0.39	-9.948340622	0.781376458
0.4	-9.879433594	0.780165213
0.41	-9.811107253	0.778922199
0.42	-9.743359231	0.777648443
0.43	-9.676187031	0.77634495
0.44	-9.609588036	0.775012699
0.45	-9.543559514	0.77365265
0.46	-9.478098625	0.772265736
0.47	-9.413202428	0.770852874
0.48	-9.348867887	0.769414953
0.49	-9.285091873	0.767952845
0.5	-9.221871175	0.766467399
0.51	-9.159202502	0.764959447
0.52	-9.097082489	0.763429796
0.53	-9.0355077	0.761879237
0.54	-8.974474638	0.760308541
0.55	-8.913979741	0.758718458
0.56	-8.854019396	0.757109723
0.57	-8.794589937	0.75548305
0.58	-8.735687648	0.753839137
0.59	-8.677308774	0.752178662
0.6	-8.619449515	0.75050229
0.61	-8.56210604	0.748810666
0.62	-8.505274482	0.747104419
0.63	-8.448950944	0.745384163
0.64	-8.393131505	0.743650496
0.65	-8.337812218	0.741904001
0.66	-8.282989118	0.740145245
0.67	-8.228658219	0.738374781
0.68	-8.174815525	0.736593147
0.69	-8.121457021	0.734800867
0.7	-8.068578687	0.732998454
0.71	-8.016176493	0.731186403
0.72	-7.964246404	0.729365198
0.73	-7.91278438	0.727535312
0.74	-7.861786381	0.725697202
0.75	-7.811248367	0.723851315
0.76	-7.761166301	0.721998086
0.77	-7.711536147	0.720137937
0.78	-7.662353878	0.718271279
0.79	-7.613615473	0.716398513
0.8	-7.565316918	0.714520028
0.81	-7.517454212	0.712636201
0.82	-7.470023364	0.710747402
0.83	-7.423020394	0.708853988
0.84	-7.376441338	0.706956308
0.85	-7.330282246	0.705054699
0.86	-7.284539186	0.70314949
0.87	-7.239208241	0.701241002
0.88	-7.194285513	0.699329544
0.89	-7.149767122	0.697415418
0.9	-7.105649209	0.695498918
0.91	-7.061927936	0.693580329
0.92	-7.018599485	0.691659926
0.93	-6.975660061	0.68973798
0.94	-6.933105892	0.687814751
0.95	-6.890933228	0.685890492
0.96	-6.849138346	0.683965448
0.97	-6.807717543	0.68203986
0.98	-6.766667146	0.680113959
0.99	-6.725983503	0.678187969
1	-6.685662992	0.676262108
1.01	-6.645702014	0.674336589
1.02	-6.606096998	0.672411616
1.03	-6.566844401	0.670487389
1.04	-6.527940705	0.6685641
1.05	-6.489382422	0.666641937
1.06	-6.45116609	0.664721081
1.07	-6.413288276	0.662801707
1.08	-6.375745575	0.660883987
1.09	-6.338534611	0.658968084
1.1	-6.301652035	0.65705416
1.11	-6.265094528	0.655142368
1.12	-6.2288588	0.653232858
1.13	-6.192941589	0.651325776
1.14	-6.157339663	0.649421262
1.15	-6.122049818	0.647519451
1.16	-6.08706888	0.645620474
1.17	-6.052393702	0.64372446
1.18	-6.01802117	0.641831531
1.19	-5.983948195	0.639941805
1.2	-5.950171719	0.638055397
1.21	-5.916688714	0.636172418
1.22	-5.883496178	0.634292975
1.23	-5.850591142	0.632417171
1.24	-5.817970661	0.630545106
1.25	-5.785631824	0.628676877
1.26	-5.753571743	0.626812576
1.27	-5.721787564	0.624952292
1.28	-5.690276458	0.623096113
1.29	-5.659035624	0.621244121
1.3	-5.628062293	0.619396396
1.31	-5.59735372	0.617553015
1.32	-5.56690719	0.615714052
1.33	-5.536720015	0.61387958
1.34	-5.506789535	0.612049666
1.35	-5.477113117	0.610224376
1.36	-5.447688156	0.608403775
1.37	-5.418512074	0.606587921
1.38	-5.389582319	0.604776875
1.39	-5.360896367	0.602970692
1.4	-5.33245172	0.601169425
1.41	-5.304245907	0.599373126
1.42	-5.276276481	0.597581844
1.43	-5.248541025	0.595795625
1.44	-5.221037143	0.594014516
1.45	-5.193762469	0.592238558
1.46	-5.16671466	0.590467793
1.47	-5.139891398	0.588702259
1.48	-5.113290392	0.586941994
1.49	-5.086909373	0.585187032
1.5	-5.060746099	0.583437408
1.51	-5.034798351	0.581693153
1.52	-5.009063935	0.579954297
1.53	-4.983540679	0.578220869
1.54	-4.958226438	0.576492895
1.55	-4.933119088	0.574770401
1.56	-4.908216529	0.57305341
1.57	-4.883516684	0.571341946
1.58	-4.859017499	0.569636029
1.59	-4.834716942	0.567935678
1.6	-4.810613005	0.566240913
1.61	-4.7867037	0.564551749
1.62	-4.762987062	0.562868203
1.63	-4.739461149	0.56119029
1.64	-4.716124038	0.559518022
1.65	-4.69297383	0.557851412
1.66	-4.670008645	0.556190471
1.67	-4.647226624	0.554535208
1.68	-4.624625931	0.552885633
1.69	-4.602204748	0.551241754
1.7	-4.579961278	0.549603578
1.71	-4.557893743	0.54797111
1.72	-4.536000388	0.546344355
1.73	-4.514279475	0.544723318
1.74	-4.492729285	0.543108002
1.75	-4.47134812	0.541498409
1.76	-4.450134299	0.539894541
1.77	-4.429086162	0.538296398
1.78	-4.408202066	0.536703981
1.79	-4.387480386	0.535117288
1.8	-4.366919518	0.533536318
1.81	-4.346517872	0.531961069
1.82	-4.326273879	0.530391538
1.83	-4.306185985	0.528827721
1.84	-4.286252656	0.527269614
1.85	-4.266472373	0.525717213
1.86	-4.246843636	0.524170511
1.87	-4.227364959	0.522629503
1.88	-4.208034875	0.521094181
1.89	-4.188851933	0.51956454
1.9	-4.169814698	0.51804057
1.91	-4.15092175	0.516522264
1.92	-4.132171686	0.515009614
1.93	-4.113563119	0.513502609
1.94	-4.095094677	0.512001241
1.95	-4.076765003	0.510505498
1.96	-4.058572755	0.509015371
1.97	-4.040516607	0.507530849
1.98	-4.022595247	0.50605192
1.99	-4.004807378	0.504578572
2	-3.987151718	0.503110794
2.01	-3.969626997	0.501648572
2.02	-3.952231961	0.500191894
2.03	-3.93496537	0.498740746
2.04	-3.917825998	0.497295116
2.05	-3.900812631	0.495854989
2.06	-3.88392407	0.494420351
2.07	-3.867159129	0.492991187
2.08	-3.850516635	0.491567484
2.09	-3.833995427	0.490149225
2.1	-3.817594359	0.488736396
2.11	-3.801312296	0.487328981
2.12	-3.785148116	0.485926964
2.13	-3.76910071	0.48453033
2.14	-3.753168979	0.483139061
2.15	-3.73735184	0.481753143
2.16	-3.721648218	0.480372557
2.17	-3.706057052	0.478997288
2.18	-3.690577292	0.477627318
2.19	-3.675207901	0.47626263
2.2	-3.659947851	0.474903206
2.21	-3.644796127	0.47354903
2.22	-3.629751724	0.472200083
2.23	-3.614813649	0.470856348
2.24	-3.599980919	0.469517807
2.25	-3.585252562	0.468184441
2.26	-3.570627617	0.466856233
2.27	-3.556105134	0.465533163
2.28	-3.541684171	0.464215214
2.29	-3.527363799	0.462902367
2.3	-3.513143097	0.461594604
2.31	-3.499021156	0.460291905
2.32	-3.484997076	0.458994251
2.33	-3.471069964	0.457701624
2.34	-3.457238942	0.456414005
2.35	-3.443503138	0.455131375
2.36	-3.429861689	0.453853714
2.37	-3.416313743	0.452581002
2.38	-3.402858457	0.451313222
2.39	-3.389494996	0.450050353
2.4	-3.376222534	0.448792377
2.41	-3.363040256	0.447539273
2.42	-3.349947354	0.446291021
2.43	-3.336943028	0.445047604
2.44	-3.324026488	0.443809
2.45	-3.311196951	0.442575191
2.46	-3.298453644	0.441346157
2.47	-3.285795801	0.440121877
2.48	-3.273222665	0.438902333
2.49	-3.260733487	0.437687505
2.5	-3.248327525	0.436477372
2.51	-3.236004045	0.435271916
2.52	-3.223762321	0.434071116
2.53	-3.211601636	0.432874953
2.54	-3.199521279	0.431683407
2.55	-3.187520548	0.430496459
2.56	-3.175598745	0.429314088
2.57	-3.163755183	0.428136275
2.58	-3.151989181	0.426963
2.59	-3.140300065	0.425794244
2.6	-3.128687168	0.424629986
2.61	-3.11714983	0.423470208
2.62	-3.105687398	0.422314889
2.63	-3.094299225	0.42116401
2.64	-3.082984673	0.420017551
2.65	-3.071743109	0.418875493
2.66	-3.060573905	0.417737816
2.67	-3.049476443	0.416604501
2.68	-3.038450108	0.415475528
2.69	-3.027494295	0.414350877
2.7	-3.016608402	0.41323053
2.71	-3.005791835	0.412114467
2.72	-2.995044004	0.411002669
2.73	-2.984364329	0.409895116
2.74	-2.973752232	0.408791788
2.75	-2.963207144	0.407692668
2.76	-2.952728498	0.406597735
2.77	-2.942315737	0.405506971
2.78	-2.931968307	0.404420357
2.79	-2.921685661	0.403337872
2.8	-2.911467257	0.4022595
2.81	-2.901312559	0.40118522
2.82	-2.891221034	0.400115013
2.83	-2.881192159	0.399048862
2.84	-2.871225412	0.397986746
2.85	-2.861320278	0.396928648
2.86	-2.851476248	0.395874549
2.87	-2.841692817	0.39482443
2.88	-2.831969485	0.393778273
2.89	-2.822305758	0.392736059
2.9	-2.812701146	0.39169777
2.91	-2.803155164	0.390663387
2.92	-2.793667333	0.389632892
2.93	-2.784237177	0.388606267
2.94	-2.774864225	0.387583494
2.95	-2.765548013	0.386564555
2.96	-2.75628808	0.385549431
2.97	-2.747083968	0.384538105
2.98	-2.737935225	0.383530559
2.99	-2.728841405	0.382526775
3	-2.719802064	0.381526735
3.01	-2.710816764	0.380530421
3.02	-2.70188507	0.379537816
3.03	-2.693006552	0.378548903
3.04	-2.684180784	0.377563663
3.05	-2.675407344	0.37658208
3.06	-2.666685816	0.375604136
3.07	-2.658015785	0.374629813
3.08	-2.649396842	0.373659095
3.09	-2.640828581	0.372691964
3.1	-2.632310601	0.371728404
3.11	-2.623842505	0.370768397
3.12	-2.615423898	0.369811926
3.13	-2.607054391	0.368858975
3.14	-2.598733598	0.367909526
3.15	-2.590461135	0.366963564
3.16	-2.582236625	0.366021071
3.17	-2.574059692	0.365082031
3.18	-2.565929964	0.364146427
3.19	-2.557847074	0.363214243
3.2	-2.549810658	0.362285462
3.21	-2.541820353	0.361360069
3.22	-2.533875804	0.360438047
3.23	-2.525976655	0.359519379
3.24	-2.518122556	0.358604051
3.25	-2.51031316	0.357692045
3.26	-2.502548122	0.356783347
3.27	-2.494827102	0.35587794
3.28	-2.487149762	0.354975808
3.29	-2.479515768	0.354076936
3.3	-2.471924788	0.353181308
3.31	-2.464376495	0.352288908
3.32	-2.456870563	0.351399722
3.33	-2.44940667	0.350513733
3.34	-2.441984497	0.349630926
3.35	-2.434603729	0.348751287
3.36	-2.427264052	0.3478748
3.37	-2.419965155	0.34700145
3.38	-2.412706733	0.346131221
3.39	-2.40548848	0.345264099
3.4	-2.398310095	0.34440007
3.41	-2.391171279	0.343539117
3.42	-2.384071736	0.342681227
3.43	-2.377011173	0.341826385
3.44	-2.369989299	0.340974576
3.45	-2.363005827	0.340125786
3.46	-2.356060471	0.33928
3.47	-2.349152948	0.338437203
3.48	-2.342282979	0.337597383
3.49	-2.335450286	0.336760524
3.5	-2.328654594	0.335926612
3.51	-2.32189563	0.335095633
3.52	-2.315173125	0.334267573
3.53	-2.308486812	0.333442418
3.54	-2.301836425	0.332620155
3.55	-2.295221701	0.331800769
3.56	-2.28864238	0.330984247
3.57	-2.282098205	0.330170575
3.58	-2.27558892	0.329359739
3.59	-2.269114271	0.328551727
3.6	-2.262674007	0.327746524
3.61	-2.25626788	0.326944117
3.62	-2.249895643	0.326144493
3.63	-2.243557052	0.325347638
3.64	-2.237251865	0.32455354
3.65	-2.230979841	0.323762186
3.66	-2.224740743	0.322973561
3.67	-2.218534335	0.322187654
3.68	-2.212360383	0.321404451
3.69	-2.206218656	0.32062394
3.7	-2.200108925	0.319846108
3.71	-2.194030962	0.319070942
3.72	-2.187984541	0.318298429
3.73	-2.181969438	0.317528557
3.74	-2.175985434	0.316761314
3.75	-2.170032307	0.315996686
3.76	-2.16410984	0.315234663
3.77	-2.158217817	0.31447523
3.78	-2.152356025	0.313718377
3.79	-2.146524252	0.31296409
3.8	-2.140722287	0.312212358
3.81	-2.134949922	0.311463169
3.82	-2.12920695	0.310716511
3.83	-2.123493168	0.309972371
3.84	-2.117808371	0.309230739
3.85	-2.112152359	0.308491602
3.86	-2.106524932	0.307754948
3.87	-2.100925893	0.307020766
3.88	-2.095355045	0.306289044
3.89	-2.089812194	0.305559771
3.9	-2.084297148	0.304832936
3.91	-2.078809715	0.304108525
3.92	-2.073349706	0.30338653
3.93	-2.067916934	0.302666937
3.94	-2.062511211	0.301949737
3.95	-2.057132354	0.301234917
3.96	-2.05178018	0.300522467
3.97	-2.046454506	0.299812375
3.98	-2.041155153	0.299104631
3.99	-2.035881943	0.298399224
4	-2.030634699	0.297696142
4.01	-2.025413245	0.296995375
4.02	-2.020217407	0.296296913
4.03	-2.015047013	0.295600744
4.04	-2.009901892	0.294906858
4.05	-2.004781874	0.294215244
4.06	-1.999686791	0.293525892
4.07	-1.994616477	0.292838791
4.08	-1.989570765	0.292153931
4.09	-1.984549493	0.291471302
4.1	-1.979552497	0.290790893
4.11	-1.974579615	0.290112693
4.12	-1.969630689	0.289436694
4.13	-1.964705559	0.288762884
4.14	-1.959804068	0.288091254
4.15	-1.954926061	0.287421793
4.16	-1.950071381	0.286754492
4.17	-1.945239877	0.286089341
4.18	-1.940431395	0.285426329
4.19	-1.935645785	0.284765448
4.2	-1.930882897	0.284106686
4.21	-1.926142582	0.283450035
4.22	-1.921424694	0.282795485
4.23	-1.916729086	0.282143027
4.24	-1.912055613	0.28149265
4.25	-1.907404131	0.280844345
4.26	-1.902774499	0.280198103
4.27	-1.898166574	0.279553915
4.28	-1.893580217	0.278911771
4.29	-1.889015288	0.278271661
4.3	-1.884471649	0.277633577
4.31	-1.879949164	0.27699751
4.32	-1.875447696	0.276363449
4.33	-1.870967111	0.275731387
4.34	-1.866507275	0.275101314
4.35	-1.862068056	0.274473221
4.36	-1.857649322	0.273847099
4.37	-1.853250943	0.27322294
4.38	-1.84887279	0.272600734
4.39	-1.844514733	0.271980472
4.4	-1.840176646	0.271362147
4.41	-1.835858403	0.270745749
4.42	-1.831559877	0.270131269
4.43	-1.827280945	0.269518699
4.44	-1.823021484	0.268908031
4.45	-1.81878137	0.268299255
4.46	-1.814560483	0.267692364
4.47	-1.810358701	0.267087349
4.48	-1.806175907	0.266484201
4.49	-1.80201198	0.265882913
4.5	-1.797866803	0.265283476
4.51	-1.793740259	0.264685881
4.52	-1.789632233	0.264090121
4.53	-1.78554261	0.263496187
4.54	-1.781471276	0.262904072
4.55	-1.777418116	0.262313767
4.56	-1.77338302	0.261725264
4.57	-1.769365876	0.261138555
4.58	-1.765366573	0.260553633
4.59	-1.761385001	0.259970489
4.6	-1.757421052	0.259389115
4.61	-1.753474618	0.258809505
4.62	-1.749545591	0.258231649
4.63	-1.745633865	0.257655541
4.64	-1.741739335	0.257081172
4.65	-1.737861895	0.256508535
4.66	-1.734001443	0.255937622
4.67	-1.730157873	0.255368426
4.68	-1.726331086	0.25480094
4.69	-1.722520978	0.254235155
4.7	-1.718727448	0.253671065
4.71	-1.714950398	0.253108661
4.72	-1.711189727	0.252547938
4.73	-1.707445338	0.251988886
4.74	-1.703717131	0.2514315
4.75	-1.700005011	0.250875771
4.76	-1.69630888	0.250321693
4.77	-1.692628644	0.249769258
4.78	-1.688964207	0.249218459
4.79	-1.685315475	0.24866929
4.8	-1.681682354	0.248121743
4.81	-1.678064753	0.247575811
4.82	-1.674462578	0.247031487
4.83	-1.670875739	0.246488765
4.84	-1.667304144	0.245947637
4.85	-1.663747704	0.245408096
4.86	-1.66020633	0.244870136
4.87	-1.656679931	0.24433375
4.88	-1.653168421	0.24379893
4.89	-1.649671713	0.243265672
4.9	-1.646189718	0.242733967
4.91	-1.642722352	0.242203809
4.92	-1.639269528	0.241675191
4.93	-1.635831162	0.241148108
4.94	-1.632407169	0.240622552
4.95	-1.628997466	0.240098516
4.96	-1.625601971	0.239575995
4.97	-1.622220599	0.239054982
4.98	-1.61885327	0.238535471
4.99	-1.615499903	0.238017455
5	-1.612160416	0.237500927
5.01	-1.60883473	0.236985882
5.02	-1.605522766	0.236472313
5.03	-1.602224443	0.235960215
5.04	-1.598939685	0.23544958
5.05	-1.595668413	0.234940403
5.06	-1.59241055	0.234432677
5.07	-1.58916602	0.233926397
5.08	-1.585934746	0.233421556
5.09	-1.582716652	0.232918149
5.1	-1.579511665	0.232416168
5.11	-1.576319709	0.231915609
5.12	-1.57314071	0.231416466
5.13	-1.569974595	0.230918732
5.14	-1.566821291	0.230422401
5.15	-1.563680726	0.229927469
5.16	-1.560552828	0.229433928
5.17	-1.557437526	0.228941773
5.18	-1.554334748	0.228450999
5.19	-1.551244424	0.227961599
5.2	-1.548166485	0.227473568
5.21	-1.545100861	0.2269869
5.22	-1.542047484	0.22650159
5.23	-1.539006284	0.226017632
5.24	-1.535977194	0.225535021
5.25	-1.532960147	0.22505375
5.26	-1.529955075	0.224573815
5.27	-1.526961913	0.224095209
5.28	-1.523980594	0.223617928
5.29	-1.521011052	0.223141966
5.3	-1.518053223	0.222667317
5.31	-1.515107041	0.222193976
5.32	-1.512172444	0.221721939
5.33	-1.509249365	0.221251198
5.34	-1.506337744	0.22078175
5.35	-1.503437516	0.220313588
5.36	-1.500548619	0.219846709
5.37	-1.497670992	0.219381105
5.38	-1.494804572	0.218916773
5.39	-1.491949299	0.218453707
5.4	-1.489105111	0.217991902
5.41	-1.486271948	0.217531353
5.42	-1.483449751	0.217072054
5.43	-1.48063846	0.216614001
5.44	-1.477838016	0.216157188
5.45	-1.47504836	0.215701612
5.46	-1.472269433	0.215247265
5.47	-1.469501179	0.214794145
5.48	-1.466743539	0.214342245
5.49	-1.463996456	0.213891561
5.5	-1.461259874	0.213442088
5.51	-1.458533736	0.212993821
5.52	-1.455817986	0.212546756
5.53	-1.453112569	0.212100886
5.54	-1.450417429	0.211656209
5.55	-1.447732512	0.211212718
5.56	-1.445057763	0.21077041
5.57	-1.442393128	0.210329279
5.58	-1.439738553	0.20988932
5.59	-1.437093985	0.20945053
5.6	-1.434459371	0.209012904
5.61	-1.431834657	0.208576436
5.62	-1.429219793	0.208141122
5.63	-1.426614725	0.207706958
5.64	-1.424019403	0.20727394
5.65	-1.421433774	0.206842062
5.66	-1.418857788	0.20641132
5.67	-1.416291395	0.205981709
5.68	-1.413734543	0.205553226
5.69	-1.411187183	0.205125866
5.7	-1.408649266	0.204699624
5.71	-1.406120742	0.204274496
5.72	-1.403601562	0.203850477
5.73	-1.401091677	0.203427564
5.74	-1.39859104	0.203005752
5.75	-1.396099602	0.202585036
5.76	-1.393617315	0.202165413
5.77	-1.391144132	0.201746878
5.78	-1.388680005	0.201329426
5.79	-1.386224889	0.200913054
5.8	-1.383778737	0.200497758
5.81	-1.381341502	0.200083533
5.82	-1.378913138	0.199670375
5.83	-1.376493601	0.19925828
5.84	-1.374082844	0.198847244
5.85	-1.371680823	0.198437262
5.86	-1.369287493	0.198028331
5.87	-1.36690281	0.197620447
5.88	-1.364526729	0.197213606
5.89	-1.362159206	0.196807803
5.9	-1.359800199	0.196403035
5.91	-1.357449663	0.195999297
5.92	-1.355107556	0.195596586
5.93	-1.352773835	0.195194898
5.94	-1.350448458	0.194794229
5.95	-1.348131381	0.194394574
5.96	-1.345822565	0.193995931
5.97	-1.343521966	0.193598295
5.98	-1.341229543	0.193201662
5.99	-1.338945255	0.192806029
6	-1.336669062	0.192411391
6.01	-1.334400923	0.192017746
6.02	-1.332140797	0.191625088
6.03	-1.329888644	0.191233415
6.04	-1.327644424	0.190842723
6.05	-1.325408098	0.190453008
6.06	-1.323179627	0.190064267
6.07	-1.320958971	0.189676494
6.08	-1.318746091	0.189289688
6.09	-1.316540949	0.188903845
6.1	-1.314343507	0.18851896
6.11	-1.312153726	0.18813503
6.12	-1.309971568	0.187752052
6.13	-1.307796996	0.187370022
6.14	-1.305629973	0.186988936
6.15	-1.30347046	0.186608791
6.16	-1.301318421	0.186229584
6.17	-1.29917382	0.18585131
6.18	-1.29703662	0.185473967
6.19	-1.294906784	0.185097551
6.2	-1.292784277	0.184722059
6.21	-1.290669062	0.184347486
6.22	-1.288561104	0.18397383
6.23	-1.286460368	0.183601088
6.24	-1.284366818	0.183229255
6.25	-1.28228042	0.182858329
6.26	-1.280201138	0.182488306
6.27	-1.278128939	0.182119183
6.28	-1.276063787	0.181750957
6.29	-1.274005649	0.181383624
6.3	-1.27195449	0.18101718
6.31	-1.269910278	0.180651623
6.32	-1.267872978	0.18028695
6.33	-1.265842557	0.179923157
6.34	-1.263818982	0.179560241
6.35	-1.261802221	0.179198199
6.36	-1.259792239	0.178837027
6.37	-1.257789006	0.178476722
6.38	-1.255792488	0.178117282
6.39	-1.253802654	0.177758703
6.4	-1.251819471	0.177400982
6.41	-1.249842908	0.177044115
6.42	-1.247872934	0.1766881
6.43	-1.245909516	0.176332934
6.44	-1.243952624	0.175978614
6.45	-1.242002226	0.175625136
6.46	-1.240058293	0.175272497
6.47	-1.238120793	0.174920695
6.48	-1.236189695	0.174569726
6.49	-1.234264971	0.174219587
6.5	-1.232346588	0.173870276
6.51	-1.230434519	0.17352179
6.52	-1.228528732	0.173174125
6.53	-1.226629198	0.172827278
6.54	-1.224735889	0.172481247
6.55	-1.222848774	0.172136028
6.56	-1.220967825	0.17179162
6.57	-1.219093013	0.171448018
6.58	-1.217224309	0.17110522
6.59	-1.215361685	0.170763224
6.6	-1.213505111	0.170422025
6.61	-1.211654561	0.170081622
6.62	-1.209810006	0.169742012
6.63	-1.207971419	0.169403191
6.64	-1.20613877	0.169065158
6.65	-1.204312034	0.168727909
6.66	-1.202491182	0.168391441
6.67	-1.200676188	0.168055751
6.68	-1.198867024	0.167720838
6.69	-1.197063663	0.167386698
6.7	-1.195266079	0.167053328
6.71	-1.193474245	0.166720727
6.72	-1.191688134	0.16638889
6.73	-1.189907721	0.166057815
6.74	-1.188132979	0.165727501
6.75	-1.186363882	0.165397943
6.76	-1.184600404	0.16506914
6.77	-1.18284252	0.164741088
6.78	-1.181090204	0.164413786
6.79	-1.179343431	0.16408723
6.8	-1.177602175	0.163761418
6.81	-1.175866411	0.163436347
6.82	-1.174136115	0.163112016
6.83	-1.172411261	0.16278842
6.84	-1.170691825	0.162465558
6.85	-1.168977782	0.162143427
6.86	-1.167269108	0.161822025
6.87	-1.165565779	0.161501348
6.88	-1.16386777	0.161181396
6.89	-1.162175057	0.160862164
6.9	-1.160487617	0.160543651
6.91	-1.158805426	0.160225854
6.92	-1.15712846	0.15990877
6.93	-1.155456696	0.159592398
6.94	-1.15379011	0.159276735
6.95	-1.15212868	0.158961777
6.96	-1.150472381	0.158647524
6.97	-1.148821192	0.158333972
6.98	-1.147175089	0.15802112
6.99	-1.14553405	0.157708964
7	-1.143898052	0.157397502
7.01	-1.142267073	0.157086732
7.02	-1.140641091	0.156776652
7.03	-1.139020082	0.156467259
7.04	-1.137404026	0.156158551
7.05	-1.135792899	0.155850526
7.06	-1.134186682	0.155543181
7.07	-1.13258535	0.155236514
7.08	-1.130988884	0.154930523
7.09	-1.129397262	0.154625205
7.1	-1.127810462	0.154320558
7.11	-1.126228463	0.154016581
7.12	-1.124651243	0.15371327
7.13	-1.123078783	0.153410623
7.14	-1.121511061	0.153108638
7.15	-1.119948056	0.152807314
7.16	-1.118389748	0.152506647
7.17	-1.116836116	0.152206636
7.18	-1.115287139	0.151907278
7.19	-1.113742798	0.151608571
7.2	-1.112203072	0.151310514
7.21	-1.110667941	0.151013103
7.22	-1.109137385	0.150716336
7.23	-1.107611384	0.150420213
7.24	-1.106089918	0.15012473
7.25	-1.104572969	0.149829885
7.26	-1.103060515	0.149535676
7.27	-1.101552538	0.149242101
7.28	-1.100049018	0.148949159
7.29	-1.098549937	0.148656846
7.3	-1.097055274	0.148365161
7.31	-1.095565011	0.148074102
7.32	-1.094079129	0.147783666
7.33	-1.092597609	0.147493852
7.34	-1.091120433	0.147204658
7.35	-1.089647581	0.146916081
7.36	-1.088179036	0.14662812
7.37	-1.086714778	0.146340772
7.38	-1.085254789	0.146054036
7.39	-1.083799052	0.145767909
7.4	-1.082347548	0.14548239
7.41	-1.080900258	0.145197476
7.42	-1.079457166	0.144913166
7.43	-1.078018252	0.144629458
7.44	-1.0765835	0.144346349
7.45	-1.075152892	0.144063838
7.46	-1.07372641	0.143781922
7.47	-1.072304036	0.143500601
7.48	-1.070885753	0.143219871
7.49	-1.069471545	0.142939732
7.5	-1.068061392	0.14266018
7.51	-1.06665528	0.142381215
7.52	-1.06525319	0.142102834
7.53	-1.063855105	0.141825035
7.54	-1.062461009	0.141547817
7.55	-1.061070885	0.141271178
7.56	-1.059684716	0.140995116
7.57	-1.058302486	0.140719628
7.58	-1.056924178	0.140444714
7.59	-1.055549775	0.140170371
7.6	-1.054179262	0.139896597
7.61	-1.052812621	0.139623392
7.62	-1.051449838	0.139350752
7.63	-1.050090895	0.139078676
7.64	-1.048735778	0.138807162
7.65	-1.047384468	0.138536209
7.66	-1.046036952	0.138265815
7.67	-1.044693214	0.137995977
7.68	-1.043353236	0.137726695
7.69	-1.042017005	0.137457966
7.7	-1.040684504	0.137189789
7.71	-1.039355718	0.136922162
7.72	-1.038030631	0.136655083
7.73	-1.036709229	0.13638855
7.74	-1.035391496	0.136122563
7.75	-1.034077417	0.135857118
7.76	-1.032766977	0.135592214
7.77	-1.03146016	0.135327851
7.78	-1.030156953	0.135064025
7.79	-1.02885734	0.134800735
7.8	-1.027561306	0.13453798
7.81	-1.026268837	0.134275758
7.82	-1.024979918	0.134014067
7.83	-1.023694535	0.133752906
7.84	-1.022412673	0.133492273
7.85	-1.021134318	0.133232166
7.86	-1.019859455	0.132972584
7.87	-1.01858807	0.132713525
7.88	-1.017320149	0.132454987
7.89	-1.016055678	0.132196969
7.9	-1.014794644	0.13193947
7.91	-1.013537031	0.131682487
7.92	-1.012282826	0.131426019
7.93	-1.011032015	0.131170064
7.94	-1.009784585	0.130914621
7.95	-1.008540521	0.130659689
7.96	-1.007299811	0.130405265
7.97	-1.00606244	0.130151348
7.98	-1.004828395	0.129897937
7.99	-1.003597664	0.12964503
8	-1.002370231	0.129392626
8.01	-1.001146084	0.129140722
8.02	-0.999925211	0.128889318
8.03	-0.998707597	0.128638412
8.04	-0.997493229	0.128388003
8.05	-0.996282095	0.128138088
8.06	-0.995074182	0.127888666
8.07	-0.993869477	0.127639737
8.08	-0.992667966	0.127391298
8.09	-0.991469637	0.127143348
8.1	-0.990274478	0.126895885
8.11	-0.989082476	0.126648908
8.12	-0.987893617	0.126402416
8.13	-0.98670789	0.126156406
8.14	-0.985525283	0.125910879
8.15	-0.984345782	0.125665831
8.16	-0.983169375	0.125421262
8.17	-0.981996051	0.125177171
8.18	-0.980825796	0.124933555
8.19	-0.9796586	0.124690414
8.2	-0.978494448	0.124447745
8.21	-0.977333331	0.124205548
8.22	-0.976175235	0.123963822
8.23	-0.975020148	0.123722564
8.24	-0.973868059	0.123481773
8.25	-0.972718956	0.123241449
8.26	-0.971572828	0.123001589
8.27	-0.970429661	0.122762192
8.28	-0.969289446	0.122523257
8.29	-0.968152169	0.122284782
8.3	-0.96701782	0.122046767
8.31	-0.965886388	0.121809209
8.32	-0.96475786	0.121572108
8.33	-0.963632225	0.121335462
8.34	-0.962509473	0.121099269
8.35	-0.961389591	0.120863529
8.36	-0.960272569	0.12062824
8.37	-0.959158395	0.120393401
8.38	-0.958047058	0.120159009
8.39	-0.956938547	0.119925065
8.4	-0.955832852	0.119691567
8.41	-0.954729961	0.119458514
8.42	-0.953629863	0.119225903
8.43	-0.952532547	0.118993734
8.44	-0.951438003	0.118762006
8.45	-0.95034622	0.118530717
8.46	-0.949257188	0.118299866
8.47	-0.948170894	0.118069452
8.48	-0.94708733	0.117839474
8.49	-0.946006484	0.117609929
8.5	-0.944928346	0.117380818
8.51	-0.943852905	0.117152138
8.52	-0.942780151	0.116923889
8.53	-0.941710074	0.116696069
8.54	-0.940642663	0.116468677
8.55	-0.939577909	0.116241712
8.56	-0.9385158	0.116015172
8.57	-0.937456327	0.115789056
8.58	-0.936399479	0.115563364
8.59	-0.935345247	0.115338094
8.6	-0.93429362	0.115113244
8.61	-0.933244588	0.114888813
8.62	-0.932198143	0.114664801
8.63	-0.931154272	0.114441206
8.64	-0.930112968	0.114218027
8.65	-0.929074219	0.113995262
8.66	-0.928038017	0.113772911
8.67	-0.927004351	0.113550973
8.68	-0.925973212	0.113329445
8.69	-0.92494459	0.113108327
8.7	-0.923918476	0.112887619
8.71	-0.92289486	0.112667318
8.72	-0.921873732	0.112447423
8.73	-0.920855084	0.112227934
8.74	-0.919838905	0.112008849
8.75	-0.918825187	0.111790167
8.76	-0.917813919	0.111571887
8.77	-0.916805094	0.111354008
8.78	-0.9157987	0.111136529
8.79	-0.91479473	0.110919448
8.8	-0.913793175	0.110702765
8.81	-0.912794024	0.110486478
8.82	-0.911797269	0.110270587
8.83	-0.910802901	0.110055089
8.84	-0.909810911	0.109839985
8.85	-0.90882129	0.109625272
8.86	-0.907834029	0.10941095
8.87	-0.906849119	0.109197018
8.88	-0.905866551	0.108983475
8.89	-0.904886317	0.10877032
8.9	-0.903908408	0.10855755
8.91	-0.902932815	0.108345167
8.92	-0.901959529	0.108133168
8.93	-0.900988541	0.107921552
8.94	-0.900019844	0.107710318
8.95	-0.899053429	0.107499466
8.96	-0.898089286	0.107288993
8.97	-0.897127408	0.1070789
8.98	-0.896167786	0.106869185
8.99	-0.895210411	0.106659847
9	-0.894255276	0.106450886
9.01	-0.893302372	0.106242299
9.02	-0.89235169	0.106034086
9.03	-0.891403223	0.105826246
9.04	-0.890456962	0.105618778
9.05	-0.889512898	0.10541168
9.06	-0.888571025	0.105204953
9.07	-0.887631333	0.104998595
9.08	-0.886693814	0.104792604
9.09	-0.885758461	0.104586981
9.1	-0.884825265	0.104381723
9.11	-0.883894219	0.10417683
9.12	-0.882965315	0.103972301
9.13	-0.882038543	0.103768136
9.14	-0.881113898	0.103564332
9.15	-0.88019137	0.103360889
9.16	-0.879270953	0.103157806
9.17	-0.878352637	0.102955082
9.18	-0.877436416	0.102752716
9.19	-0.876522282	0.102550707
9.2	-0.875610227	0.102349055
9.21	-0.874700243	0.102147758
9.22	-0.873792323	0.101946815
9.23	-0.872886459	0.101746225
9.24	-0.871982644	0.101545988
9.25	-0.87108087	0.101346102
9.26	-0.87018113	0.101146566
9.27	-0.869283416	0.100947381
9.28	-0.868387721	0.100748543
9.29	-0.867494037	0.100550054
9.3	-0.866602357	0.100351911
9.31	-0.865712673	0.100154114
9.32	-0.864824979	0.099956663
9.33	-0.863939267	0.099759555
9.34	-0.86305553	0.09956279
9.35	-0.862173761	0.099366368
9.36	-0.861293952	0.099170287
9.37	-0.860416096	0.098974546
9.38	-0.859540186	0.098779145
9.39	-0.858666216	0.098584083
9.4	-0.857794178	0.098389358
9.41	-0.856924064	0.098194971
9.42	-0.856055869	0.098000919
9.43	-0.855189584	0.097807203
9.44	-0.854325204	0.09761382
9.45	-0.853462721	0.097420771
9.46	-0.852602128	0.097228055
9.47	-0.851743418	0.09703567
9.48	-0.850886585	0.096843616
9.49	-0.850031622	0.096651892
9.5	-0.849178522	0.096460498
9.51	-0.848327278	0.096269431
9.52	-0.847477884	0.096078692
9.53	-0.846630332	0.095888279
9.54	-0.845784617	0.095698192
9.55	-0.844940731	0.09550843
9.56	-0.844098668	0.095318992
9.57	-0.843258422	0.095129877
9.58	-0.842419985	0.094941084
9.59	-0.841583352	0.094752613
9.6	-0.840748515	0.094564463
9.61	-0.839915469	0.094376633
9.62	-0.839084206	0.094189121
9.63	-0.838254721	0.094001928
9.64	-0.837427007	0.093815053
9.65	-0.836601058	0.093628494
9.66	-0.835776867	0.093442251
9.67	-0.834954428	0.093256322
9.68	-0.834133735	0.093070709
9.69	-0.833314781	0.092885408
9.7	-0.83249756	0.092700421
9.71	-0.831682067	0.092515745
9.72	-0.830868294	0.09233138
9.73	-0.830056236	0.092147326
9.74	-0.829245886	0.091963581
9.75	-0.828437238	0.091780144
9.76	-0.827630287	0.091597016
9.77	-0.826825026	0.091414195
9.78	-0.82602145	0.09123168
9.79	-0.825219551	0.091049471
9.8	-0.824419324	0.090867567
9.81	-0.823620764	0.090685967
9.82	-0.822823864	0.090504671
9.83	-0.822028618	0.090323677
9.84	-0.82123502	0.090142985
9.85	-0.820443065	0.089962594
9.86	-0.819652747	0.089782503
9.87	-0.818864059	0.089602712
9.88	-0.818076997	0.08942322
9.89	-0.817291554	0.089244026
9.9	-0.816507724	0.089065129
9.91	-0.815725501	0.088886529
9.92	-0.814944881	0.088708225
9.93	-0.814165857	0.088530216
9.94	-0.813388424	0.088352502
9.95	-0.812612576	0.088175081
9.96	-0.811838307	0.087997954
9.97	-0.811065611	0.087821118
9.98	-0.810294484	0.087644575
9.99	-0.80952492	0.087468322
10	-0.808756912	0.087292359
10.01	-0.807990456	0.087116686
10.02	-0.807225546	0.086941302
10.03	-0.806462176	0.086766206
10.04	-0.805700342	0.086591397
10.05	-0.804940037	0.086416875
10.06	-0.804181257	0.086242638
10.07	-0.803423995	0.086068687
10.08	-0.802668246	0.085895021
10.09	-0.801914006	0.085721639
10.1	-0.801161269	0.085548539
10.11	-0.800410029	0.085375723
10.12	-0.799660281	0.085203188
10.13	-0.79891202	0.085030934
10.14	-0.79816524	0.084858961
10.15	-0.797419937	0.084687268
10.16	-0.796676105	0.084515854
10.17	-0.79593374	0.084344718
10.18	-0.795192835	0.08417386
10.19	-0.794453385	0.08400328
10.2	-0.793715386	0.083832976
10.21	-0.792978833	0.083662947
10.22	-0.79224372	0.083493194
10.23	-0.791510042	0.083323716
10.24	-0.790777794	0.083154511
10.25	-0.790046972	0.08298558
10.26	-0.789317569	0.082816921
10.27	-0.788589582	0.082648534
10.28	-0.787863005	0.082480419
10.29	-0.787137833	0.082312574
10.3	-0.786414061	0.082144999
10.31	-0.785691685	0.081977694
10.32	-0.784970699	0.081810657
10.33	-0.784251098	0.081643889
10.34	-0.783532878	0.081477388
10.35	-0.782816034	0.081311154
10.36	-0.782100561	0.081145186
10.37	-0.781386454	0.080979484
10.38	-0.780673709	0.080814047
10.39	-0.77996232	0.080648875
10.4	-0.779252282	0.080483966
10.41	-0.778543592	0.08031932
10.42	-0.777836244	0.080154937
10.43	-0.777130234	0.079990816
10.44	-0.776425557	0.079826956
10.45	-0.775722208	0.079663357
10.46	-0.775020182	0.079500019
10.47	-0.774319475	0.079336939
10.48	-0.773620083	0.079174119
10.49	-0.772922001	0.079011557
10.5	-0.772225223	0.078849253
10.51	-0.771529746	0.078687206
10.52	-0.770835565	0.078525416
10.53	-0.770142676	0.078363881
10.54	-0.769451073	0.078202603
10.55	-0.768760753	0.078041579
10.56	-0.768071711	0.077880809
10.57	-0.767383942	0.077720293
10.58	-0.766697442	0.07756003
10.59	-0.766012207	0.077400019
10.6	-0.765328231	0.077240261
10.61	-0.764645512	0.077080754
10.62	-0.763964043	0.076921498
10.63	-0.763283822	0.076762492
10.64	-0.762604843	0.076603736
10.65	-0.761927102	0.076445228
10.66	-0.761250596	0.07628697
10.67	-0.760575318	0.076128959
10.68	-0.759901266	0.075971196
10.69	-0.759228435	0.07581368
10.7	-0.758556821	0.075656411
10.71	-0.757886419	0.075499387
10.72	-0.757217225	0.075342608
10.73	-0.756549235	0.075186074
10.74	-0.755882445	0.075029784
10.75	-0.75521685	0.074873738
10.76	-0.754552447	0.074717935
10.77	-0.753889231	0.074562375
10.78	-0.753227197	0.074407056
10.79	-0.752566343	0.074251979
10.8	-0.751906664	0.074097143
10.81	-0.751248155	0.073942548
10.82	-0.750590813	0.073788192
10.83	-0.749934633	0.073634076
10.84	-0.749279611	0.073480198
10.85	-0.748625744	0.073326559
10.86	-0.747973028	0.073173158
10.87	-0.747321457	0.073019994
10.88	-0.746671029	0.072867067
10.89	-0.746021739	0.072714375
10.9	-0.745373583	0.07256192
10.91	-0.744726558	0.0724097
10.92	-0.744080659	0.072257715
10.93	-0.743435883	0.072105963
10.94	-0.742792224	0.071954446
10.95	-0.742149681	0.071803162
10.96	-0.741508248	0.07165211
10.97	-0.740867922	0.071501291
10.98	-0.740228699	0.071350703
10.99	-0.739590575	0.071200346
11	-0.738953546	0.071050221
11.01	-0.738317609	0.070900325
11.02	-0.737682759	0.070750659
11.03	-0.737048992	0.070601222
11.04	-0.736416306	0.070452014
11.05	-0.735784696	0.070303035
11.06	-0.735154158	0.070154283
11.07	-0.734524689	0.070005758
11.08	-0.733896284	0.06985746
11.09	-0.733268941	0.069709388
11.1	-0.732642655	0.069561543
11.11	-0.732017423	0.069413922
11.12	-0.731393241	0.069266527
11.13	-0.730770105	0.069119356
11.14	-0.730148012	0.068972408
11.15	-0.729526958	0.068825685
11.16	-0.728906939	0.068679184
11.17	-0.728287952	0.068532906
11.18	-0.727669993	0.068386849
11.19	-0.727053058	0.068241015
11.2	-0.726437144	0.068095401
11.21	-0.725822248	0.067950009
11.22	-0.725208365	0.067804836
11.23	-0.724595492	0.067659883
11.24	-0.723983626	0.06751515
11.25	-0.723372763	0.067370635
11.26	-0.7227629	0.067226339
11.27	-0.722154032	0.067082261
11.28	-0.721546157	0.0669384
11.29	-0.720939271	0.066794756
11.3	-0.720333371	0.066651329
11.31	-0.719728453	0.066508118
11.32	-0.719124513	0.066365123
11.33	-0.718521548	0.066222343
11.34	-0.717919555	0.066079777
11.35	-0.71731853	0.065937427
11.36	-0.716718471	0.06579529
11.37	-0.716119372	0.065653367
11.38	-0.715521232	0.065511656
11.39	-0.714924046	0.065370159
11.4	-0.714327812	0.065228873
11.41	-0.713732526	0.0650878
11.42	-0.713138184	0.064946938
11.43	-0.712544783	0.064806287
11.44	-0.711952321	0.064665846
11.45	-0.711360793	0.064525615
11.46	-0.710770196	0.064385594
11.47	-0.710180527	0.064245783
11.48	-0.709591783	0.06410618
11.49	-0.709003961	0.063966785
11.5	-0.708417056	0.063827599
11.51	-0.707831067	0.06368862
11.52	-0.707245989	0.063549848
11.53	-0.70666182	0.063411283
11.54	-0.706078556	0.063272925
11.55	-0.705496193	0.063134772
11.56	-0.70491473	0.062996825
11.57	-0.704334162	0.062859083
11.58	-0.703754487	0.062721546
11.59	-0.703175701	0.062584213
11.6	-0.702597801	0.062447084
11.61	-0.702020784	0.062310158
11.62	-0.701444647	0.062173436
11.63	-0.700869386	0.062036916
11.64	-0.700294999	0.061900599
11.65	-0.699721482	0.061764484
11.66	-0.699148833	0.06162857
11.67	-0.698577048	0.061492857
11.68	-0.698006124	0.061357345
11.69	-0.697436058	0.061222034
11.7	-0.696866846	0.061086922
11.71	-0.696298487	0.06095201
11.72	-0.695730977	0.060817297
11.73	-0.695164313	0.060682783
11.74	-0.694598491	0.060548468
11.75	-0.694033509	0.06041435
11.76	-0.693469364	0.06028043
11.77	-0.692906052	0.060146708
11.78	-0.692343572	0.060013182
11.79	-0.691781919	0.059879853
11.8	-0.691221091	0.059746721
11.81	-0.690661084	0.059613784
11.82	-0.690101897	0.059481042
11.83	-0.689543526	0.059348496
11.84	-0.688985967	0.059216144
11.85	-0.688429219	0.059083986
11.86	-0.687873277	0.058952023
11.87	-0.68731814	0.058820253
11.88	-0.686763805	0.058688676
11.89	-0.686210267	0.058557292
11.9	-0.685657526	0.058426101
11.91	-0.685105577	0.058295102
11.92	-0.684554417	0.058164294
11.93	-0.684004045	0.058033678
11.94	-0.683454456	0.057903253
11.95	-0.682905649	0.057773019
11.96	-0.682357621	0.057642975
11.97	-0.681810367	0.057513121
11.98	-0.681263887	0.057383457
11.99	-0.680718176	0.057253982
12	-0.680173233	0.057124697
12.01	-0.679629054	0.056995599
12.02	-0.679085636	0.05686669
12.03	-0.678542978	0.056737969
12.04	-0.678001075	0.056609436
12.05	-0.677459925	0.056481089
12.06	-0.676919526	0.05635293
12.07	-0.676379875	0.056224957
12.08	-0.675840968	0.05609717
12.09	-0.675302804	0.05596957
12.1	-0.67476538	0.055842154
12.11	-0.674228692	0.055714924
12.12	-0.673692738	0.055587879
12.13	-0.673157516	0.055461019
12.14	-0.672623023	0.055334342
12.15	-0.672089255	0.05520785
12.16	-0.671556211	0.055081541
12.17	-0.671023888	0.054955415
12.18	-0.670492282	0.054829472
12.19	-0.669961392	0.054703712
12.2	-0.669431215	0.054578133
12.21	-0.668901748	0.054452737
12.22	-0.668372988	0.054327523
12.23	-0.667844933	0.054202489
12.24	-0.66731758	0.054077637
12.25	-0.666790927	0.053952965
12.26	-0.666264971	0.053828474
12.27	-0.66573971	0.053704162
12.28	-0.66521514	0.05358003
12.29	-0.664691259	0.053456078
12.3	-0.664168065	0.053332304
12.31	-0.663645555	0.05320871
12.32	-0.663123727	0.053085293
12.33	-0.662602578	0.052962055
12.34	-0.662082105	0.052838995
12.35	-0.661562306	0.052716112
12.36	-0.661043179	0.052593406
12.37	-0.66052472	0.052470877
12.38	-0.660006928	0.052348525
12.39	-0.6594898	0.052226349
12.4	-0.658973332	0.052104349
12.41	-0.658457524	0.051982525
12.42	-0.657942372	0.051860876
12.43	-0.657427874	0.051739402
12.44	-0.656914028	0.051618103
12.45	-0.65640083	0.051496978
12.46	-0.655888279	0.051376027
12.47	-0.655376371	0.051255251
12.48	-0.654865106	0.051134647
12.49	-0.654354479	0.051014218
12.5	-0.653844489	0.050893961
12.51	-0.653335134	0.050773877
12.52	-0.65282641	0.050653965
12.53	-0.652318316	0.050534225
12.54	-0.651810848	0.050414658
12.55	-0.651304006	0.050295261
12.56	-0.650797785	0.050176036
12.57	-0.650292184	0.050056982
12.58	-0.649787201	0.049938099
12.59	-0.649282833	0.049819386
12.6	-0.648779077	0.049700844
12.61	-0.648275932	0.049582471
12.62	-0.647773395	0.049464267
12.63	-0.647271463	0.049346233
12.64	-0.646770135	0.049228368
12.65	-0.646269407	0.049110672
12.66	-0.645769278	0.048993144
12.67	-0.645269746	0.048875784
12.68	-0.644770807	0.048758592
12.69	-0.64427246	0.048641568
12.7	-0.643774702	0.048524711
12.71	-0.643277532	0.048408022
12.72	-0.642780946	0.048291499
12.73	-0.642284942	0.048175142
12.74	-0.641789519	0.048058952
12.75	-0.641294673	0.047942928
12.76	-0.640800403	0.04782707
12.77	-0.640306706	0.047711377
12.78	-0.639813581	0.047595849
12.79	-0.639321024	0.047480487
12.8	-0.638829033	0.047365289
12.81	-0.638337607	0.047250255
12.82	-0.637846744	0.047135385
12.83	-0.637356439	0.04702068
12.84	-0.636866693	0.046906138
12.85	-0.636377502	0.04679176
12.86	-0.635888864	0.046677544
12.87	-0.635400777	0.046563492
12.88	-0.634913238	0.046449602
12.89	-0.634426247	0.046335874
12.9	-0.633939799	0.046222309
12.91	-0.633453894	0.046108905
12.92	-0.632968529	0.045995664
12.93	-0.632483701	0.045882583
12.94	-0.631999409	0.045769663
12.95	-0.631515651	0.045656905
12.96	-0.631032424	0.045544307
12.97	-0.630549726	0.045431869
12.98	-0.630067555	0.045319592
12.99	-0.629585909	0.045207474
13	-0.629104785	0.045095516
13.01	-0.628624182	0.044983717
13.02	-0.628144098	0.044872078
13.03	-0.62766453	0.044760597
13.04	-0.627185476	0.044649275
13.05	-0.626706934	0.044538112
13.06	-0.626228902	0.044427107
13.07	-0.625751378	0.044316259
13.08	-0.625274359	0.04420557
13.09	-0.624797845	0.044095037
13.1	-0.624321832	0.043984662
13.11	-0.623846318	0.043874444
13.12	-0.623371302	0.043764383
13.13	-0.622896781	0.043654478
13.14	-0.622422753	0.04354473
13.15	-0.621949217	0.043435138
13.16	-0.62147617	0.043325701
13.17	-0.62100361	0.04321642
13.18	-0.620531534	0.043107295
13.19	-0.620059942	0.042998324
13.2	-0.619588831	0.042889509
13.21	-0.619118199	0.042780848
13.22	-0.618648043	0.042672342
13.23	-0.618178363	0.04256399
13.24	-0.617709155	0.042455792
13.25	-0.617240418	0.042347748
13.26	-0.61677215	0.042239857
13.27	-0.616304349	0.04213212
13.28	-0.615837013	0.042024536
13.29	-0.615370139	0.041917104
13.3	-0.614903726	0.041809826
13.31	-0.614437772	0.0417027
13.32	-0.613972275	0.041595726
13.33	-0.613507233	0.041488904
13.34	-0.613042643	0.041382234
13.35	-0.612578505	0.041275716
13.36	-0.612114815	0.041169349
13.37	-0.611651573	0.041063134
13.38	-0.611188775	0.040957069
13.39	-0.610726421	0.040851155
13.4	-0.610264507	0.040745391
13.41	-0.609803033	0.040639778
13.42	-0.609341996	0.040534315
13.43	-0.608881395	0.040429002
13.44	-0.608421227	0.040323839
13.45	-0.60796149	0.040218825
13.46	-0.607502183	0.040113961
13.47	-0.607043303	0.040009245
13.48	-0.606584849	0.039904679
13.49	-0.606126819	0.039800261
13.5	-0.605669211	0.039695992
13.51	-0.605212023	0.039591871
13.52	-0.604755253	0.039487898
13.53	-0.604298899	0.039384073
13.54	-0.60384296	0.039280395
13.55	-0.603387433	0.039176865
13.56	-0.602932316	0.039073483
13.57	-0.602477608	0.038970247
13.58	-0.602023307	0.038867159
13.59	-0.601569411	0.038764217
13.6	-0.601115918	0.038661421
13.61	-0.600662826	0.038558772
13.62	-0.600210134	0.038456269
13.63	-0.599757839	0.038353912
13.64	-0.59930594	0.0382517
13.65	-0.598854434	0.038149634
13.66	-0.598403321	0.038047714
13.67	-0.597952597	0.037945938
13.68	-0.597502262	0.037844308
13.69	-0.597052314	0.037742822
13.7	-0.59660275	0.037641481
13.71	-0.596153569	0.037540285
13.72	-0.595704769	0.037439232
13.73	-0.595256349	0.037338324
13.74	-0.594808305	0.037237559
13.75	-0.594360638	0.037136938
13.76	-0.593913344	0.03703646
13.77	-0.593466422	0.036936126
13.78	-0.59301987	0.036835935
13.79	-0.592573687	0.036735887
13.8	-0.59212787	0.036635981
13.81	-0.591682419	0.036536218
13.82	-0.59123733	0.036436598
13.83	-0.590792603	0.036337119
13.84	-0.590348235	0.036237783
13.85	-0.589904225	0.036138588
13.86	-0.589460571	0.036039536
13.87	-0.589017271	0.035940624
13.88	-0.588574324	0.035841854
13.89	-0.588131728	0.035743225
13.9	-0.58768948	0.035644737
13.91	-0.58724758	0.03554639
13.92	-0.586806025	0.035448184
13.93	-0.586364814	0.035350118
13.94	-0.585923945	0.035252192
13.95	-0.585483417	0.035154406
13.96	-0.585043227	0.03505676
13.97	-0.584603373	0.034959254
13.98	-0.584163855	0.034861888
13.99	-0.583724671	0.034764661
14	-0.583285818	0.034667573
14.01	-0.582847295	0.034570624
14.02	-0.5824091	0.034473815
14.03	-0.581971232	0.034377144
14.04	-0.581533688	0.034280611
14.05	-0.581096468	0.034184217
14.06	-0.58065957	0.034087962
14.07	-0.580222991	0.033991844
14.08	-0.57978673	0.033895864
14.09	-0.579350786	0.033800023
14.1	-0.578915157	0.033704318
14.11	-0.57847984	0.033608752
14.12	-0.578044835	0.033513322
14.13	-0.57761014	0.03341803
14.14	-0.577175752	0.033322874
14.15	-0.576741671	0.033227856
14.16	-0.576307895	0.033132974
14.17	-0.575874422	0.033038229
14.18	-0.575441251	0.03294362
14.19	-0.575008379	0.032849147
14.2	-0.574575805	0.03275481
14.21	-0.574143527	0.032660609
14.22	-0.573711545	0.032566544
14.23	-0.573279856	0.032472614
14.24	-0.572848458	0.03237882
14.25	-0.57241735	0.032285161
14.26	-0.57198653	0.032191638
14.27	-0.571555998	0.032098249
14.28	-0.57112575	0.032004995
14.29	-0.570695785	0.031911876
14.3	-0.570266103	0.031818891
14.31	-0.5698367	0.031726041
14.32	-0.569407576	0.031633325
14.33	-0.568978729	0.031540743
14.34	-0.568550158	0.031448294
14.35	-0.56812186	0.03135598
14.36	-0.567693834	0.0312638
14.37	-0.567266079	0.031171752
14.38	-0.566838593	0.031079839
14.39	-0.566411374	0.030988058
14.4	-0.565984421	0.030896411
14.41	-0.565557733	0.030804896
14.42	-0.565131306	0.030713515
14.43	-0.564705141	0.030622265
14.44	-0.564279236	0.030531149
14.45	-0.563853588	0.030440165
14.46	-0.563428196	0.030349313
14.47	-0.56300306	0.030258593
14.48	-0.562578176	0.030168005
14.49	-0.562153544	0.030077549
14.5	-0.561729162	0.029987225
14.51	-0.561305029	0.029897032
14.52	-0.560881143	0.02980697
14.53	-0.560457502	0.02971704
14.54	-0.560034105	0.029627241
14.55	-0.55961095	0.029537573
14.56	-0.559188036	0.029448036
14.57	-0.558765361	0.02935863
14.58	-0.558342923	0.029269354
14.59	-0.557920722	0.029180209
14.6	-0.557498756	0.029091194
14.61	-0.557077023	0.029002309
14.62	-0.556655521	0.028913555
14.63	-0.556234249	0.02882493
14.64	-0.555813206	0.028736435
14.65	-0.555392389	0.02864807
14.66	-0.554971799	0.028559835
14.67	-0.554551432	0.028471729
14.68	-0.554131287	0.028383752
14.69	-0.553711364	0.028295904
14.7	-0.55329166	0.028208186
14.71	-0.552872173	0.028120596
14.72	-0.552452904	0.028033136
14.73	-0.552033849	0.027945804
14.74	-0.551615007	0.0278586
14.75	-0.551196378	0.027771525
14.76	-0.550777959	0.027684579
14.77	-0.550359749	0.02759776
14.78	-0.549941746	0.02751107
14.79	-0.549523949	0.027424507
14.8	-0.549106357	0.027338073
14.81	-0.548688968	0.027251766
14.82	-0.54827178	0.027165587
14.83	-0.547854793	0.027079535
14.84	-0.547438004	0.026993611
14.85	-0.547021412	0.026907814
14.86	-0.546605016	0.026822144
14.87	-0.546188814	0.026736601
14.88	-0.545772805	0.026651185
14.89	-0.545356987	0.026565895
14.9	-0.544941358	0.026480733
14.91	-0.544525918	0.026395697
14.92	-0.544110665	0.026310787
14.93	-0.543695598	0.026226004
14.94	-0.543280714	0.026141347
14.95	-0.542866013	0.026056816
14.96	-0.542451494	0.025972411
14.97	-0.542037153	0.025888132
14.98	-0.541622991	0.025803979
14.99	-0.541209006	0.025719952
15	-0.540795196	0.02563605
15.01	-0.54038156	0.025552273
15.02	-0.539968097	0.025468622
15.03	-0.539554805	0.025385096
15.04	-0.539141682	0.025301695
15.05	-0.538728727	0.025218419
15.06	-0.53831594	0.025135268
15.07	-0.537903317	0.025052242
15.08	-0.537490859	0.024969341
15.09	-0.537078563	0.024886564
15.1	-0.536666428	0.024803911
15.11	-0.536254453	0.024721383
15.12	-0.535842637	0.02463898
15.13	-0.535430977	0.0245567
15.14	-0.535019473	0.024474545
15.15	-0.534608122	0.024392513
15.16	-0.534196925	0.024310606
15.17	-0.533785879	0.024228822
15.18	-0.533374982	0.024147161
15.19	-0.532964234	0.024065625
15.2	-0.532553634	0.023984212
15.21	-0.532143179	0.023902922
15.22	-0.531732868	0.023821755
15.23	-0.5313227	0.023740712
15.24	-0.530912674	0.023659792
15.25	-0.530502788	0.023578994
15.26	-0.530093041	0.02349832
15.27	-0.529683432	0.023417768
15.28	-0.529273958	0.023337339
15.29	-0.528864619	0.023257033
15.3	-0.528455413	0.023176849
15.31	-0.52804634	0.023096787
15.32	-0.527637397	0.023016848
15.33	-0.527228583	0.022937031
15.34	-0.526819897	0.022857336
15.35	-0.526411337	0.022777764
15.36	-0.526002903	0.022698313
15.37	-0.525594592	0.022618984
15.38	-0.525186404	0.022539776
15.39	-0.524778336	0.022460691
15.4	-0.524370389	0.022381726
15.41	-0.52396256	0.022302884
15.42	-0.523554848	0.022224163
15.43	-0.523147251	0.022145563
15.44	-0.522739769	0.022067084
15.45	-0.5223324	0.021988726
15.46	-0.521925142	0.02191049
15.47	-0.521517995	0.021832374
15.48	-0.521110957	0.021754379
15.49	-0.520704026	0.021676505
15.5	-0.520297202	0.021598752
15.51	-0.519890482	0.021521119
15.52	-0.519483867	0.021443607
15.53	-0.519077353	0.021366215
15.54	-0.518670941	0.021288944
15.55	-0.518264628	0.021211792
15.56	-0.517858414	0.021134761
15.57	-0.517452296	0.02105785
15.58	-0.517046274	0.02098106
15.59	-0.516640347	0.020904389
15.6	-0.516234513	0.020827837
15.61	-0.51582877	0.020751406
15.62	-0.515423118	0.020675094
15.63	-0.515017555	0.020598902
15.64	-0.51461208	0.02052283
15.65	-0.514206692	0.020446877
15.66	-0.513801388	0.020371043
15.67	-0.513396169	0.020295328
15.68	-0.512991032	0.020219733
15.69	-0.512585976	0.020144257
15.7	-0.512181001	0.0200689
15.71	-0.511776104	0.019993662
15.72	-0.511371285	0.019918543
15.73	-0.510966542	0.019843542
15.74	-0.510561873	0.01976866
15.75	-0.510157279	0.019693897
15.76	-0.509752756	0.019619253
15.77	-0.509348304	0.019544727
15.78	-0.508943923	0.01947032
15.79	-0.508539609	0.019396031
15.8	-0.508135363	0.01932186
15.81	-0.507731183	0.019247808
15.82	-0.507327067	0.019173873
15.83	-0.506923014	0.019100057
15.84	-0.506519024	0.019026359
15.85	-0.506115094	0.018952778
15.86	-0.505711224	0.018879316
15.87	-0.505307412	0.018805971
15.88	-0.504903657	0.018732744
15.89	-0.504499958	0.018659635
15.9	-0.504096313	0.018586643
15.91	-0.503692721	0.018513769
15.92	-0.503289181	0.018441012
15.93	-0.502885692	0.018368373
15.94	-0.502482252	0.018295851
15.95	-0.502078861	0.018223446
15.96	-0.501675516	0.018151158
15.97	-0.501272217	0.018078988
15.98	-0.500868962	0.018006934
15.99	-0.500465751	0.017934998
16	-0.500062581	0.017863178
16.01	-0.499659452	0.017791475
16.02	-0.499256362	0.017719889
16.03	-0.49885331	0.01764842
16.04	-0.498450296	0.017577068
16.05	-0.498047317	0.017505832
16.06	-0.497644372	0.017434712
16.07	-0.497241461	0.017363709
16.08	-0.496838581	0.017292823
16.09	-0.496435733	0.017222052
16.1	-0.496032913	0.017151398
16.11	-0.495630122	0.01708086
16.12	-0.495227358	0.017010439
16.13	-0.49482462	0.016940133
16.14	-0.494421906	0.016869944
16.15	-0.494019216	0.01679987
16.16	-0.493616548	0.016729913
16.17	-0.4932139	0.016660071
16.18	-0.492811273	0.016590345
16.19	-0.492408664	0.016520735
16.2	-0.492006072	0.01645124
16.21	-0.491603496	0.016381861
16.22	-0.491200934	0.016312598
16.23	-0.490798387	0.01624345
16.24	-0.490395852	0.016174418
16.25	-0.489993328	0.016105501
16.26	-0.489590814	0.016036699
16.27	-0.489188308	0.015968013
16.28	-0.48878581	0.015899441
16.29	-0.488383319	0.015830985
16.3	-0.487980832	0.015762644
16.31	-0.48757835	0.015694419
16.32	-0.48717587	0.015626308
16.33	-0.486773392	0.015558312
16.34	-0.486370914	0.015490431
16.35	-0.485968435	0.015422665
16.36	-0.485565954	0.015355014
16.37	-0.48516347	0.015287477
16.38	-0.484760982	0.015220055
16.39	-0.484358488	0.015152748
16.4	-0.483955986	0.015085555
16.41	-0.483553477	0.015018477
16.42	-0.483150959	0.014951514
16.43	-0.48274843	0.014884664
16.44	-0.48234589	0.01481793
16.45	-0.481943337	0.014751309
16.46	-0.48154077	0.014684803
16.47	-0.481138188	0.014618411
16.48	-0.480735589	0.014552133
16.49	-0.480332973	0.01448597
16.5	-0.479930338	0.01441992
16.51	-0.479527684	0.014353985
16.52	-0.479125008	0.014288164
16.53	-0.47872231	0.014222456
16.54	-0.478319589	0.014156863
16.55	-0.477916844	0.014091383
16.56	-0.477514072	0.014026017
16.57	-0.477111274	0.013960765
16.58	-0.476708448	0.013895627
16.59	-0.476305592	0.013830602
16.6	-0.475902706	0.013765691
16.61	-0.475499789	0.013700893
16.62	-0.475096839	0.013636209
16.63	-0.474693855	0.013571639
16.64	-0.474290836	0.013507182
16.65	-0.47388778	0.013442839
16.66	-0.473484688	0.013378608
16.67	-0.473081557	0.013314492
16.68	-0.472678386	0.013250488
16.69	-0.472275175	0.013186598
16.7	-0.471871921	0.013122821
16.71	-0.471468625	0.013059157
16.72	-0.471065284	0.012995606
16.73	-0.470661898	0.012932169
16.74	-0.470258465	0.012868844
16.75	-0.469854985	0.012805632
16.76	-0.469451456	0.012742534
16.77	-0.469047876	0.012679548
16.78	-0.468644246	0.012616675
16.79	-0.468240563	0.012553915
16.8	-0.467836827	0.012491268
16.81	-0.467433037	0.012428734
16.82	-0.467029191	0.012366312
16.83	-0.466625288	0.012304003
16.84	-0.466221327	0.012241807
16.85	-0.465817307	0.012179723
16.86	-0.465413227	0.012117752
16.87	-0.465009085	0.012055894
16.88	-0.464604881	0.011994148
16.89	-0.464200613	0.011932514
16.9	-0.463796281	0.011870993
16.91	-0.463391883	0.011809585
16.92	-0.462987418	0.011748288
16.93	-0.462582884	0.011687104
16.94	-0.462178282	0.011626033
16.95	-0.461773609	0.011565073
16.96	-0.461368865	0.011504226
16.97	-0.460964048	0.011443492
16.98	-0.460559157	0.011382869
16.99	-0.460154192	0.011322358
17	-0.459749151	0.01126196
17.01	-0.459344032	0.011201673
17.02	-0.458938836	0.011141499
17.03	-0.45853356	0.011081437
17.04	-0.458128204	0.011021487
17.05	-0.457722766	0.010961648
17.06	-0.457317245	0.010901922
17.07	-0.456911641	0.010842307
17.08	-0.456505953	0.010782804
17.09	-0.456100178	0.010723414
17.1	-0.455694316	0.010664135
17.11	-0.455288366	0.010604967
17.12	-0.454882327	0.010545912
17.13	-0.454476197	0.010486968
17.14	-0.454069976	0.010428136
17.15	-0.453663663	0.010369415
17.16	-0.453257256	0.010310806
17.17	-0.452850754	0.010252309
17.18	-0.452444156	0.010193923
17.19	-0.452037461	0.010135649
17.2	-0.451630669	0.010077487
17.21	-0.451223777	0.010019435
17.22	-0.450816785	0.009961496
17.23	-0.450409692	0.009903668
17.24	-0.450002496	0.009845951
17.25	-0.449595197	0.009788345
17.26	-0.449187794	0.009730851
17.27	-0.448780284	0.009673469
17.28	-0.448372668	0.009616197
17.29	-0.447964945	0.009559037
17.3	-0.447557112	0.009501988
17.31	-0.447149169	0.009445051
17.32	-0.446741116	0.009388224
17.33	-0.44633295	0.009331509
17.34	-0.445924671	0.009274905
17.35	-0.445516278	0.009218412
17.36	-0.445107769	0.00916203
17.37	-0.444699144	0.00910576
17.38	-0.444290402	0.0090496
17.39	-0.44388154	0.008993552
17.4	-0.44347256	0.008937614
17.41	-0.443063458	0.008881788
17.42	-0.442654235	0.008826072
17.43	-0.442244889	0.008770468
17.44	-0.441835419	0.008714974
17.45	-0.441425824	0.008659591
17.46	-0.441016103	0.00860432
17.47	-0.440606254	0.008549159
17.48	-0.440196278	0.008494109
17.49	-0.439786172	0.00843917
17.5	-0.439375937	0.008384341
17.51	-0.438965569	0.008329624
17.52	-0.43855507	0.008275017
17.53	-0.438144436	0.008220521
17.54	-0.437733669	0.008166136
17.55	-0.437322765	0.008111861
17.56	-0.436911726	0.008057698
17.57	-0.436500548	0.008003645
17.58	-0.436089232	0.007949702
17.59	-0.435677775	0.00789587
17.6	-0.435266178	0.007842149
17.61	-0.434854439	0.007788539
17.62	-0.434442558	0.007735039
17.63	-0.434030532	0.00768165
17.64	-0.433618361	0.007628371
17.65	-0.433206044	0.007575203
17.66	-0.43279358	0.007522146
17.67	-0.432380967	0.007469199
17.68	-0.431968206	0.007416362
17.69	-0.431555294	0.007363636
17.7	-0.431142231	0.007311021
17.71	-0.430729016	0.007258516
17.72	-0.430315647	0.007206121
17.73	-0.429902124	0.007153837
17.74	-0.429488445	0.007101663
17.75	-0.42907461	0.0070496
17.76	-0.428660617	0.006997647
17.77	-0.428246466	0.006945804
17.78	-0.427832156	0.006894072
17.79	-0.427417684	0.00684245
17.8	-0.427003051	0.006790939
17.81	-0.426588256	0.006739538
17.82	-0.426173297	0.006688247
17.83	-0.425758173	0.006637066
17.84	-0.425342883	0.006585996
17.85	-0.424927426	0.006535036
17.86	-0.424511802	0.006484187
17.87	-0.424096009	0.006433447
17.88	-0.423680046	0.006382818
17.89	-0.423263912	0.006332299
17.9	-0.422847606	0.006281891
17.91	-0.422431128	0.006231592
17.92	-0.422014475	0.006181404
17.93	-0.421597648	0.006131326
17.94	-0.421180645	0.006081358
17.95	-0.420763464	0.0060315
17.96	-0.420346106	0.005981753
17.97	-0.419928569	0.005932115
17.98	-0.419510852	0.005882588
17.99	-0.419092954	0.005833171
18	-0.418674873	0.005783864
18.01	-0.41825661	0.005734667
18.02	-0.417838163	0.005685581
18.03	-0.417419531	0.005636604
18.04	-0.417000712	0.005587737
18.05	-0.416581707	0.005538981
18.06	-0.416162514	0.005490335
18.07	-0.415743131	0.005441798
18.08	-0.415323559	0.005393372
18.09	-0.414903796	0.005345056
18.1	-0.41448384	0.00529685
18.11	-0.414063692	0.005248754
18.12	-0.413643349	0.005200768
18.13	-0.413222811	0.005152892
18.14	-0.412802078	0.005105126
18.15	-0.412381147	0.00505747
18.16	-0.411960018	0.005009924
18.17	-0.411538691	0.004962488
18.18	-0.411117163	0.004915162
18.19	-0.410695435	0.004867946
18.2	-0.410273504	0.00482084
18.21	-0.409851371	0.004773844
18.22	-0.409429033	0.004726958
18.23	-0.409006491	0.004680182
18.24	-0.408583742	0.004633515
18.25	-0.408160787	0.004586959
18.26	-0.407737624	0.004540513
18.27	-0.407314252	0.004494177
18.28	-0.406890671	0.00444795
18.29	-0.406466878	0.004401834
18.3	-0.406042874	0.004355828
18.31	-0.405618657	0.004309931
18.32	-0.405194226	0.004264145
18.33	-0.40476958	0.004218468
18.34	-0.404344719	0.004172901
18.35	-0.403919641	0.004127444
18.36	-0.403494345	0.004082098
18.37	-0.403068831	0.004036861
18.38	-0.402643097	0.003991734
18.39	-0.402217143	0.003946716
18.4	-0.401790967	0.003901809
18.41	-0.401364569	0.003857012
18.42	-0.400937947	0.003812325
18.43	-0.400511101	0.003767747
18.44	-0.40008403	0.003723279
18.45	-0.399656732	0.003678922
18.46	-0.399229206	0.003634674
18.47	-0.398801453	0.003590536
18.48	-0.39837347	0.003546508
18.49	-0.397945258	0.00350259
18.5	-0.397516814	0.003458781
18.51	-0.397088137	0.003415083
18.52	-0.396659228	0.003371495
18.53	-0.396230085	0.003328016
18.54	-0.395800707	0.003284647
18.55	-0.395371093	0.003241389
18.56	-0.394941242	0.00319824
18.57	-0.394511154	0.003155201
18.58	-0.394080826	0.003112272
18.59	-0.393650259	0.003069452
18.6	-0.393219451	0.003026743
18.61	-0.392788402	0.002984143
18.62	-0.39235711	0.002941654
18.63	-0.391925575	0.002899274
18.64	-0.391493795	0.002857004
18.65	-0.39106177	0.002814844
18.66	-0.390629498	0.002772794
18.67	-0.39019698	0.002730854
18.68	-0.389764213	0.002689024
18.69	-0.389331197	0.002647304
18.7	-0.388897931	0.002605693
18.71	-0.388464414	0.002564193
18.72	-0.388030645	0.002522802
18.73	-0.387596623	0.002481522
18.74	-0.387162347	0.002440351
18.75	-0.386727817	0.00239929
18.76	-0.386293031	0.002358339
18.77	-0.385857988	0.002317498
18.78	-0.385422688	0.002276767
18.79	-0.384987129	0.002236145
18.8	-0.384551311	0.002195634
18.81	-0.384115233	0.002155233
18.82	-0.383678894	0.002114941
18.83	-0.383242292	0.00207476
18.84	-0.382805427	0.002034688
18.85	-0.382368299	0.001994726
18.86	-0.381930905	0.001954875
18.87	-0.381493246	0.001915133
18.88	-0.38105532	0.001875501
18.89	-0.380617126	0.001835979
18.9	-0.380178664	0.001796567
18.91	-0.379739932	0.001757265
18.92	-0.37930093	0.001718073
18.93	-0.378861657	0.001678991
18.94	-0.378422111	0.001640019
18.95	-0.377982293	0.001601157
18.96	-0.3775422	0.001562404
18.97	-0.377101832	0.001523762
18.98	-0.376661189	0.00148523
18.99	-0.376220269	0.001446808
19	-0.375779071	0.001408496
19.01	-0.375337595	0.001370293
19.02	-0.374895839	0.001332201
19.03	-0.374453802	0.001294219
19.04	-0.374011485	0.001256347
19.05	-0.373568885	0.001218585
19.06	-0.373126003	0.001180932
19.07	-0.372682836	0.00114339
19.08	-0.372239385	0.001105958
19.09	-0.371795648	0.001068636
19.1	-0.371351624	0.001031424
19.11	-0.370907313	0.000994322
19.12	-0.370462713	0.00095733
19.13	-0.370017824	0.000920448
19.14	-0.369572645	0.000883677
19.15	-0.369127175	0.000847015
19.16	-0.368681413	0.000810463
19.17	-0.368235358	0.000774022
19.18	-0.36778901	0.00073769
19.19	-0.367342367	0.000701469
19.2	-0.366895428	0.000665357
19.21	-0.366448193	0.000629356
19.22	-0.366000661	0.000593465
19.23	-0.36555283	0.000557684
19.24	-0.365104701	0.000522013
19.25	-0.364656272	0.000486453
19.26	-0.364207542	0.000451002
19.27	-0.36375851	0.000415662
19.28	-0.363309176	0.000380432
19.29	-0.362859539	0.000345311
19.3	-0.362409597	0.000310301
19.31	-0.361959351	0.000275402
19.32	-0.361508798	0.000240612
19.33	-0.361057939	0.000205933
19.34	-0.360606772	0.000171363
19.35	-0.360155296	0.000136904
19.36	-0.359703511	0.000102556
19.37	-0.359251416	6.83169E-05
19.38	-0.358799009	3.41885E-05
19.39	-0.358346291	1.70314E-07
19.4	-0.357893259	-3.37376E-05
19.41	-0.357439914	-6.75354E-05
19.42	-0.356986255	-0.000101223
19.43	-0.35653228	-0.0001348
19.44	-0.356077989	-0.000168267
19.45	-0.355623381	-0.000201624
19.46	-0.355168454	-0.00023487
19.47	-0.354713209	-0.000268006
19.48	-0.354257645	-0.000301032
19.49	-0.353801759	-0.000333948
19.5	-0.353345553	-0.000366753
19.51	-0.352889024	-0.000399448
19.52	-0.352432172	-0.000432033
19.53	-0.351974997	-0.000464507
19.54	-0.351517496	-0.000496871
19.55	-0.35105967	-0.000529124
19.56	-0.350601518	-0.000561268
19.57	-0.350143039	-0.000593301
19.58	-0.349684231	-0.000625223
19.59	-0.349225095	-0.000657035
19.6	-0.348765629	-0.000688737
19.61	-0.348305832	-0.000720329
19.62	-0.347845704	-0.00075181
19.63	-0.347385243	-0.00078318
19.64	-0.34692445	-0.000814441
19.65	-0.346463323	-0.00084559
19.66	-0.346001861	-0.00087663
19.67	-0.345540064	-0.000907559
19.68	-0.34507793	-0.000938377
19.69	-0.344615459	-0.000969085
19.7	-0.34415265	-0.000999683
19.71	-0.343689502	-0.00103017
19.72	-0.343226015	-0.001060547
19.73	-0.342762187	-0.001090813
19.74	-0.342298018	-0.001120969
19.75	-0.341833507	-0.001151014
19.76	-0.341368653	-0.001180949
19.77	-0.340903456	-0.001210773
19.78	-0.340437914	-0.001240487
19.79	-0.339972026	-0.00127009
19.8	-0.339505793	-0.001299583
19.81	-0.339039213	-0.001328965
19.82	-0.338572285	-0.001358236
19.83	-0.338105008	-0.001387397
19.84	-0.337637382	-0.001416448
19.85	-0.337169406	-0.001445388
19.86	-0.336701079	-0.001474217
19.87	-0.336232401	-0.001502936
19.88	-0.33576337	-0.001531544
19.89	-0.335293985	-0.001560041
19.9	-0.334824247	-0.001588428
19.91	-0.334354153	-0.001616705
19.92	-0.333883704	-0.00164487
19.93	-0.333412899	-0.001672925
19.94	-0.332941736	-0.00170087
19.95	-0.332470215	-0.001728704
19.96	-0.331998336	-0.001756427
19.97	-0.331526097	-0.001784039
19.98	-0.331053497	-0.001811541
19.99	-0.330580536	-0.001838932
20	-0.330107214	-0.001866213
20.01	-0.329633528	-0.001893382
20.02	-0.329159479	-0.001920441
20.03	-0.328685066	-0.00194739
20.04	-0.328210288	-0.001974227
20.05	-0.327735144	-0.002000954
20.06	-0.327259633	-0.00202757
20.07	-0.326783755	-0.002054076
20.08	-0.326307509	-0.002080471
20.09	-0.325830894	-0.002106755
20.1	-0.32535391	-0.002132928
20.11	-0.324876555	-0.00215899
20.12	-0.324398828	-0.002184942
20.13	-0.32392073	-0.002210783
20.14	-0.323442259	-0.002236513
20.15	-0.322963415	-0.002262132
20.16	-0.322484196	-0.002287641
20.17	-0.322004603	-0.002313039
20.18	-0.321524634	-0.002338326
20.19	-0.321044288	-0.002363502
20.2	-0.320563565	-0.002388567
20.21	-0.320082464	-0.002413522
20.22	-0.319600984	-0.002438365
20.23	-0.319119125	-0.002463098
20.24	-0.318636886	-0.00248772
20.25	-0.318154266	-0.002512231
20.26	-0.317671264	-0.002536631
20.27	-0.317187879	-0.002560921
20.28	-0.316704112	-0.002585099
20.29	-0.31621996	-0.002609167
20.3	-0.315735424	-0.002633124
20.31	-0.315250503	-0.00265697
20.32	-0.314765195	-0.002680705
20.33	-0.314279501	-0.002704329
20.34	-0.313793419	-0.002727842
20.35	-0.313306948	-0.002751244
20.36	-0.312820089	-0.002774535
20.37	-0.31233284	-0.002797716
20.38	-0.3118452	-0.002820785
20.39	-0.31135717	-0.002843744
20.4	-0.310868747	-0.002866591
20.41	-0.310379932	-0.002889328
20.42	-0.309890723	-0.002911954
20.43	-0.30940112	-0.002934469
20.44	-0.308911123	-0.002956872
20.45	-0.30842073	-0.002979165
20.46	-0.30792994	-0.003001347
20.47	-0.307438754	-0.003023418
20.48	-0.306947171	-0.003045378
20.49	-0.306455189	-0.003067227
20.5	-0.305962807	-0.003088965
20.51	-0.305470027	-0.003110592
20.52	-0.304976845	-0.003132108
20.53	-0.304483263	-0.003153513
20.54	-0.303989279	-0.003174807
20.55	-0.303494892	-0.00319599
20.56	-0.303000102	-0.003217062
20.57	-0.302504908	-0.003238023
20.58	-0.30200931	-0.003258873
20.59	-0.301513306	-0.003279611
20.6	-0.301016896	-0.003300239
20.61	-0.30052008	-0.003320756
20.62	-0.300022856	-0.003341162
20.63	-0.299525224	-0.003361457
20.64	-0.299027184	-0.003381641
20.65	-0.298528734	-0.003401713
20.66	-0.298029874	-0.003421675
20.67	-0.297530603	-0.003441526
20.68	-0.297030921	-0.003461265
20.69	-0.296530827	-0.003480894
20.7	-0.29603032	-0.003500411
20.71	-0.295529399	-0.003519818
20.72	-0.295028065	-0.003539113
20.73	-0.294526315	-0.003558297
20.74	-0.294024151	-0.003577371
20.75	-0.29352157	-0.003596333
20.76	-0.293018572	-0.003615184
20.77	-0.292515157	-0.003633924
20.78	-0.292011324	-0.003652553
20.79	-0.291507072	-0.003671071
20.8	-0.291002401	-0.003689478
20.81	-0.29049731	-0.003707774
20.82	-0.289991798	-0.003725958
20.83	-0.289485864	-0.003744032
20.84	-0.288979509	-0.003761995
20.85	-0.288472731	-0.003779846
20.86	-0.28796553	-0.003797587
20.87	-0.287457905	-0.003815216
20.88	-0.286949855	-0.003832734
20.89	-0.28644138	-0.003850141
20.9	-0.285932479	-0.003867438
20.91	-0.285423152	-0.003884623
20.92	-0.284913398	-0.003901697
20.93	-0.284403216	-0.00391866
20.94	-0.283892606	-0.003935512
20.95	-0.283381566	-0.003952252
20.96	-0.282870097	-0.003968882
20.97	-0.282358198	-0.003985401
20.98	-0.281845868	-0.004001808
20.99	-0.281333106	-0.004018105
21	-0.280819913	-0.00403429
21.01	-0.280306286	-0.004050365
21.02	-0.279792227	-0.004066328
21.03	-0.279277733	-0.004082181
21.04	-0.278762805	-0.004097922
21.05	-0.278247442	-0.004113552
21.06	-0.277731642	-0.004129071
21.07	-0.277215407	-0.004144479
21.08	-0.276698735	-0.004159777
21.09	-0.276181624	-0.004174963
21.1	-0.275664076	-0.004190038
21.11	-0.275146089	-0.004205002
21.12	-0.274627663	-0.004219855
21.13	-0.274108797	-0.004234597
21.14	-0.27358949	-0.004249228
21.15	-0.273069742	-0.004263747
21.16	-0.272549552	-0.004278156
21.17	-0.27202892	-0.004292454
21.18	-0.271507845	-0.004306641
21.19	-0.270986326	-0.004320717
21.2	-0.270464363	-0.004334682
21.21	-0.269941956	-0.004348536
21.22	-0.269419104	-0.004362279
21.23	-0.268895805	-0.004375911
21.24	-0.268372061	-0.004389432
21.25	-0.267847869	-0.004402842
21.26	-0.26732323	-0.004416141
21.27	-0.266798143	-0.004429329
21.28	-0.266272607	-0.004442407
21.29	-0.265746622	-0.004455373
21.3	-0.265220187	-0.004468228
21.31	-0.264693302	-0.004480973
21.32	-0.264165966	-0.004493606
21.33	-0.263638178	-0.004506129
21.34	-0.263109939	-0.004518541
21.35	-0.262581247	-0.004530842
21.36	-0.262052102	-0.004543032
21.37	-0.261522503	-0.004555111
21.38	-0.26099245	-0.004567079
21.39	-0.260461942	-0.004578936
21.4	-0.259930979	-0.004590683
21.41	-0.25939956	-0.004602319
21.42	-0.258867685	-0.004613843
21.43	-0.258335353	-0.004625257
21.44	-0.257802564	-0.004636561
21.45	-0.257269316	-0.004647753
21.46	-0.25673561	-0.004658835
21.47	-0.256201445	-0.004669806
21.48	-0.255666821	-0.004680666
21.49	-0.255131736	-0.004691415
21.5	-0.254596191	-0.004702054
21.51	-0.254060185	-0.004712582
21.52	-0.253523717	-0.004722999
21.53	-0.252986788	-0.004733305
21.54	-0.252449395	-0.004743501
21.55	-0.251911539	-0.004753586
21.56	-0.25137322	-0.004763561
21.57	-0.250834437	-0.004773424
21.58	-0.250295189	-0.004783178
21.59	-0.249755475	-0.00479282
21.6	-0.249215296	-0.004802352
21.61	-0.248674651	-0.004811773
21.62	-0.24813354	-0.004821084
21.63	-0.247591961	-0.004830284
21.64	-0.247049914	-0.004839374
21.65	-0.246507399	-0.004848353
21.66	-0.245964416	-0.004857221
21.67	-0.245420964	-0.004865979
21.68	-0.244877042	-0.004874626
21.69	-0.24433265	-0.004883163
21.7	-0.243787787	-0.00489159
21.71	-0.243242454	-0.004899906
21.72	-0.242696649	-0.004908112
21.73	-0.242150372	-0.004916207
21.74	-0.241603622	-0.004924191
21.75	-0.2410564	-0.004932066
21.76	-0.240508705	-0.00493983
21.77	-0.239960535	-0.004947484
21.78	-0.239411891	-0.004955027
21.79	-0.238862773	-0.00496246
21.8	-0.238313179	-0.004969783
21.81	-0.23776311	-0.004976995
21.82	-0.237212565	-0.004984097
21.83	-0.236661543	-0.004991089
21.84	-0.236110044	-0.004997971
21.85	-0.235558067	-0.005004743
21.86	-0.235005613	-0.005011404
21.87	-0.234452681	-0.005017955
21.88	-0.233899269	-0.005024396
21.89	-0.233345379	-0.005030727
21.9	-0.232791009	-0.005036948
21.91	-0.232236158	-0.005043059
21.92	-0.231680828	-0.005049059
21.93	-0.231125016	-0.00505495
21.94	-0.230568723	-0.005060731
21.95	-0.230011949	-0.005066402
21.96	-0.229454692	-0.005071962
21.97	-0.228896953	-0.005077413
21.98	-0.22833873	-0.005082754
21.99	-0.227780025	-0.005087985
22	-0.227220835	-0.005093106
22.01	-0.226661161	-0.005098117
22.02	-0.226101003	-0.005103019
22.03	-0.225540359	-0.00510781
22.04	-0.22497923	-0.005112492
22.05	-0.224417616	-0.005117064
22.06	-0.223855515	-0.005121527
22.07	-0.223292927	-0.00512588
22.08	-0.222729852	-0.005130123
22.09	-0.22216629	-0.005134256
22.1	-0.221602241	-0.00513828
22.11	-0.221037703	-0.005142194
22.12	-0.220472676	-0.005145999
22.13	-0.219907161	-0.005149694
22.14	-0.219341156	-0.00515328
22.15	-0.218774662	-0.005156756
22.16	-0.218207677	-0.005160122
22.17	-0.217640202	-0.00516338
22.18	-0.217072236	-0.005166528
22.19	-0.21650378	-0.005169566
22.2	-0.215934831	-0.005172495
22.21	-0.215365391	-0.005175315
22.22	-0.214795459	-0.005178026
22.23	-0.214225034	-0.005180628
22.24	-0.213654116	-0.00518312
22.25	-0.213082705	-0.005185503
22.26	-0.2125108	-0.005187777
22.27	-0.211938401	-0.005189942
22.28	-0.211365508	-0.005191997
22.29	-0.21079212	-0.005193944
22.3	-0.210218237	-0.005195782
22.31	-0.209643859	-0.00519751
22.32	-0.209068986	-0.00519913
22.33	-0.208493616	-0.005200641
22.34	-0.20791775	-0.005202043
22.35	-0.207341387	-0.005203336
22.36	-0.206764528	-0.005204521
22.37	-0.206187171	-0.005205596
22.38	-0.205609316	-0.005206563
22.39	-0.205030964	-0.005207421
22.4	-0.204452113	-0.005208171
22.41	-0.203872764	-0.005208812
22.42	-0.203292916	-0.005209344
22.43	-0.202712569	-0.005209768
22.44	-0.202131723	-0.005210083
22.45	-0.201550377	-0.00521029
22.46	-0.20096853	-0.005210388
22.47	-0.200386184	-0.005210378
22.48	-0.199803336	-0.00521026
22.49	-0.199219988	-0.005210033
22.5	-0.198636139	-0.005209698
22.51	-0.198051788	-0.005209255
22.52	-0.197466936	-0.005208704
22.53	-0.196881581	-0.005208044
22.54	-0.196295724	-0.005207276
22.55	-0.195709365	-0.005206401
22.56	-0.195122503	-0.005205417
22.57	-0.194535137	-0.005204325
22.58	-0.193947269	-0.005203126
22.59	-0.193358896	-0.005201818
22.6	-0.19277002	-0.005200403
22.61	-0.192180639	-0.005198879
22.62	-0.191590754	-0.005197248
22.63	-0.191000365	-0.00519551
22.64	-0.190409471	-0.005193663
22.65	-0.189818071	-0.005191709
22.66	-0.189226166	-0.005189648
22.67	-0.188633755	-0.005187479
22.68	-0.188040839	-0.005185202
22.69	-0.187447416	-0.005182818
22.7	-0.186853487	-0.005180327
22.71	-0.186259052	-0.005177728
22.72	-0.185664109	-0.005175022
22.73	-0.18506866	-0.005172209
22.74	-0.184472703	-0.005169288
22.75	-0.183876239	-0.00516626
22.76	-0.183279268	-0.005163126
22.77	-0.182681788	-0.005159884
22.78	-0.1820838	-0.005156535
22.79	-0.181485304	-0.005153079
22.8	-0.180886299	-0.005149517
22.81	-0.180286786	-0.005145847
22.82	-0.179686764	-0.005142071
22.83	-0.179086233	-0.005138188
22.84	-0.178485192	-0.005134198
22.85	-0.177883642	-0.005130102
22.86	-0.177281582	-0.005125899
22.87	-0.176679012	-0.005121589
22.88	-0.176075932	-0.005117173
22.89	-0.175472342	-0.005112651
22.9	-0.174868242	-0.005108022
22.91	-0.174263631	-0.005103287
22.92	-0.173658509	-0.005098446
22.93	-0.173052876	-0.005093498
22.94	-0.172446732	-0.005088445
22.95	-0.171840077	-0.005083285
22.96	-0.171232911	-0.005078019
22.97	-0.170625233	-0.005072647
22.98	-0.170017043	-0.00506717
22.99	-0.169408341	-0.005061586
23	-0.168799127	-0.005055897
23.01	-0.168189401	-0.005050102
23.02	-0.167579163	-0.005044201
23.03	-0.166968412	-0.005038195
23.04	-0.166357149	-0.005032083
23.05	-0.165745373	-0.005025866
23.06	-0.165133084	-0.005019543
23.07	-0.164520282	-0.005013115
23.08	-0.163906967	-0.005006582
23.09	-0.163293138	-0.004999943
23.1	-0.162678796	-0.0049932
23.11	-0.162063941	-0.004986351
23.12	-0.161448572	-0.004979397
23.13	-0.16083269	-0.004972338
23.14	-0.160216293	-0.004965174
23.15	-0.159599383	-0.004957905
23.16	-0.158981959	-0.004950532
23.17	-0.15836402	-0.004943054
23.18	-0.157745567	-0.004935471
23.19	-0.1571266	-0.004927784
23.2	-0.156507119	-0.004919992
23.21	-0.155887123	-0.004912095
23.22	-0.155266612	-0.004904095
23.23	-0.154645587	-0.00489599
23.24	-0.154024047	-0.00488778
23.25	-0.153401992	-0.004879467
23.26	-0.152779422	-0.004871049
23.27	-0.152156337	-0.004862528
23.28	-0.151532738	-0.004853902
23.29	-0.150908623	-0.004845173
23.3	-0.150283992	-0.00483634
23.31	-0.149658847	-0.004827403
23.32	-0.149033186	-0.004818362
23.33	-0.148407011	-0.004809218
23.34	-0.147780319	-0.00479997
23.35	-0.147153112	-0.004790619
23.36	-0.14652539	-0.004781165
23.37	-0.145897152	-0.004771607
23.38	-0.145268399	-0.004761946
23.39	-0.14463913	-0.004752182
23.4	-0.144009345	-0.004742315
23.41	-0.143379045	-0.004732345
23.42	-0.142748229	-0.004722271
23.43	-0.142116897	-0.004712096
23.44	-0.14148505	-0.004701817
23.45	-0.140852687	-0.004691436
23.46	-0.140219808	-0.004680952
23.47	-0.139586413	-0.004670365
23.48	-0.138952502	-0.004659676
23.49	-0.138318076	-0.004648885
23.5	-0.137683134	-0.004637992
23.51	-0.137047676	-0.004626996
23.52	-0.136411702	-0.004615898
23.53	-0.135775213	-0.004604699
23.54	-0.135138208	-0.004593397
23.55	-0.134500687	-0.004581993
23.56	-0.13386265	-0.004570488
23.57	-0.133224097	-0.004558881
23.58	-0.132585029	-0.004547173
23.59	-0.131945445	-0.004535362
23.6	-0.131305346	-0.004523451
23.61	-0.130664731	-0.004511438
23.62	-0.1300236	-0.004499324
23.63	-0.129381954	-0.004487109
23.64	-0.128739792	-0.004474792
23.65	-0.128097115	-0.004462375
23.66	-0.127453922	-0.004449857
23.67	-0.126810214	-0.004437238
23.68	-0.126165991	-0.004424518
23.69	-0.125521253	-0.004411698
23.7	-0.124875999	-0.004398777
23.71	-0.12423023	-0.004385755
23.72	-0.123583946	-0.004372634
23.73	-0.122937147	-0.004359412
23.74	-0.122289833	-0.00434609
23.75	-0.121642005	-0.004332668
23.76	-0.120993661	-0.004319145
23.77	-0.120344803	-0.004305523
23.78	-0.11969543	-0.004291802
23.79	-0.119045543	-0.00427798
23.8	-0.118395141	-0.004264059
23.81	-0.117744225	-0.004250038
23.82	-0.117092794	-0.004235918
23.83	-0.11644085	-0.004221699
23.84	-0.115788391	-0.004207381
23.85	-0.115135419	-0.004192963
23.86	-0.114481933	-0.004178446
23.87	-0.113827933	-0.004163831
23.88	-0.113173419	-0.004149116
23.89	-0.112518392	-0.004134303
23.9	-0.111862851	-0.004119392
23.91	-0.111206798	-0.004104382
23.92	-0.110550231	-0.004089273
23.93	-0.109893151	-0.004074066
23.94	-0.109235558	-0.004058761
23.95	-0.108577453	-0.004043358
23.96	-0.107918835	-0.004027857
23.97	-0.107259705	-0.004012258
23.98	-0.106600062	-0.003996561
23.99	-0.105939907	-0.003980767
24	-0.105279241	-0.003964875
24.01	-0.104618062	-0.003948885
24.02	-0.103956372	-0.003932798
24.03	-0.10329417	-0.003916614
24.04	-0.102631457	-0.003900333
24.05	-0.101968233	-0.003883955
24.06	-0.101304498	-0.00386748
24.07	-0.100640252	-0.003850908
24.08	-0.099975495	-0.003834239
24.09	-0.099310228	-0.003817474
24.1	-0.098644451	-0.003800612
24.11	-0.097978163	-0.003783654
24.12	-0.097311366	-0.0037666
24.13	-0.096644059	-0.003749449
24.14	-0.095976242	-0.003732203
24.15	-0.095307916	-0.00371486
24.16	-0.094639082	-0.003697422
24.17	-0.093969738	-0.003679888
24.18	-0.093299885	-0.003662259
24.19	-0.092629524	-0.003644534
24.2	-0.091958655	-0.003626714
24.21	-0.091287278	-0.003608798
24.22	-0.090615393	-0.003590788
24.23	-0.089943	-0.003572682
24.24	-0.0892701	-0.003554482
24.25	-0.088596693	-0.003536187
24.26	-0.087922779	-0.003517797
24.27	-0.087248358	-0.003499313
24.28	-0.086573431	-0.003480734
24.29	-0.085897998	-0.003462061
24.3	-0.085222059	-0.003443294
24.31	-0.084545614	-0.003424433
24.32	-0.083868664	-0.003405479
24.33	-0.083191209	-0.00338643
24.34	-0.082513249	-0.003367288
24.35	-0.081834784	-0.003348052
24.36	-0.081155815	-0.003328723
24.37	-0.080476342	-0.0033093
24.38	-0.079796365	-0.003289785
24.39	-0.079115884	-0.003270176
24.4	-0.0784349	-0.003250475
24.41	-0.077753414	-0.00323068
24.42	-0.077071424	-0.003210794
24.43	-0.076388932	-0.003190814
24.44	-0.075705939	-0.003170743
24.45	-0.075022443	-0.003150579
24.46	-0.074338446	-0.003130323
24.47	-0.073653947	-0.003109975
24.48	-0.072968948	-0.003089535
24.49	-0.072283448	-0.003069003
24.5	-0.071597448	-0.00304838
24.51	-0.070910948	-0.003027665
24.52	-0.070223948	-0.00300686
24.53	-0.069536449	-0.002985962
24.54	-0.068848452	-0.002964974
24.55	-0.068159955	-0.002943895
24.56	-0.06747096	-0.002922726
24.57	-0.066781467	-0.002901465
24.58	-0.066091477	-0.002880114
24.59	-0.065400989	-0.002858673
24.6	-0.064710004	-0.002837142
24.61	-0.064018523	-0.00281552
24.62	-0.063326545	-0.002793808
24.63	-0.062634071	-0.002772007
24.64	-0.061941102	-0.002750116
24.65	-0.061247638	-0.002728136
24.66	-0.060553679	-0.002706066
24.67	-0.059859225	-0.002683907
24.68	-0.059164278	-0.002661659
24.69	-0.058468836	-0.002639322
24.7	-0.057772901	-0.002616896
24.71	-0.057076474	-0.002594381
24.72	-0.056379554	-0.002571778
24.73	-0.055682141	-0.002549087
24.74	-0.054984237	-0.002526307
24.75	-0.054285841	-0.002503439
24.76	-0.053586955	-0.002480484
24.77	-0.052887578	-0.00245744
24.78	-0.05218771	-0.002434309
24.79	-0.051487353	-0.002411091
24.8	-0.050786506	-0.002387785
24.81	-0.050085171	-0.002364392
24.82	-0.049383347	-0.002340912
24.83	-0.048681035	-0.002317345
24.84	-0.047978235	-0.002293691
24.85	-0.047274947	-0.002269951
24.86	-0.046571173	-0.002246124
24.87	-0.045866913	-0.002222211
24.88	-0.045162166	-0.002198212
24.89	-0.044456934	-0.002174127
24.9	-0.043751217	-0.002149956
24.91	-0.043045015	-0.0021257
24.92	-0.042338329	-0.002101358
24.93	-0.041631159	-0.002076931
24.94	-0.040923506	-0.002052418
24.95	-0.04021537	-0.002027821
24.96	-0.039506751	-0.002003138
24.97	-0.038797651	-0.001978371
24.98	-0.038088069	-0.00195352
24.99	-0.037378006	-0.001928584
25	-0.036667462	-0.001903564
25.01	-0.035956439	-0.00187846
25.02	-0.035244936	-0.001853271
25.03	-0.034532954	-0.001828
25.04	-0.033820493	-0.001802644
25.05	-0.033107554	-0.001777205
25.06	-0.032394137	-0.001751683
25.07	-0.031680244	-0.001726078
25.08	-0.030965873	-0.00170039
25.09	-0.030251027	-0.001674619
25.1	-0.029535705	-0.001648766
25.11	-0.028819907	-0.00162283
25.12	-0.028103636	-0.001596812
25.13	-0.02738689	-0.001570712
25.14	-0.02666967	-0.00154453
25.15	-0.025951977	-0.001518266
25.16	-0.025233812	-0.001491921
25.17	-0.024515175	-0.001465494
25.18	-0.023796066	-0.001438987
25.19	-0.023076487	-0.001412398
25.2	-0.022356437	-0.001385728
25.21	-0.021635917	-0.001358977
25.22	-0.020914928	-0.001332146
25.23	-0.02019347	-0.001305235
25.24	-0.019471543	-0.001278243
25.25	-0.018749149	-0.001251171
25.26	-0.018026288	-0.00122402
25.27	-0.017302961	-0.001196789
25.28	-0.016579167	-0.001169478
25.29	-0.015854908	-0.001142088
25.3	-0.015130184	-0.001114619
25.31	-0.014404995	-0.001087071
25.32	-0.013679343	-0.001059444
25.33	-0.012953228	-0.001031739
25.34	-0.01222665	-0.001003955
25.35	-0.01149961	-0.000976093
25.36	-0.010772109	-0.000948153
25.37	-0.010044147	-0.000920135
25.38	-0.009315724	-0.00089204
25.39	-0.008586842	-0.000863867
25.4	-0.007857501	-0.000835616
25.41	-0.007127701	-0.000807289
25.42	-0.006397444	-0.000778884
25.43	-0.005666729	-0.000750403
25.44	-0.004935558	-0.000721845
25.45	-0.004203931	-0.000693211
25.46	-0.003471848	-0.000664501
25.47	-0.00273931	-0.000635714
25.48	-0.002006318	-0.000606852
25.49	-0.001272873	-0.000577914
25.5	-0.000538975	-0.000548901
25.51	0.000195375	-0.000519812
25.52	0.000930178	-0.000490649
25.53	0.001665431	-0.00046141
25.54	0.002401134	-0.000432097
25.55	0.003137288	-0.000402709
25.56	0.00387389	-0.000373247
25.57	0.004610941	-0.000343711
25.58	0.005348439	-0.000314101
25.59	0.006086385	-0.000284418
25.6	0.006824777	-0.00025466
25.61	0.007563615	-0.00022483
25.62	0.008302898	-0.000194926
25.63	0.009042626	-0.000164949
25.64	0.009782797	-0.0001349
25.65	0.010523412	-0.000104778
25.66	0.011264469	-7.45839E-05
25.67	0.012005968	-4.43175E-05
25.68	0.012747908	-1.39792E-05
25.69	0.013490288	1.64309E-05
25.7	0.014233109	4.69126E-05
25.71	0.014976368	7.74655E-05
25.72	0.015720065	0.00010809
25.73	0.016464201	0.000138785
25.74	0.017208773	0.00016955
25.75	0.017953781	0.000200387
25.76	0.018699225	0.000231293
25.77	0.019445104	0.00026227
25.78	0.020191417	0.000293317
25.79	0.020938164	0.000324433
25.8	0.021685343	0.000355619
25.81	0.022432954	0.000386874
25.82	0.023180997	0.000418199
25.83	0.02392947	0.000449592
25.84	0.024678372	0.000481054
25.85	0.025427704	0.000512584
25.86	0.026177465	0.000544183
25.87	0.026927653	0.000575849
25.88	0.027678267	0.000607584
25.89	0.028429308	0.000639386
25.9	0.029180775	0.000671255
25.91	0.029932666	0.000703192
25.92	0.030684981	0.000735196
25.93	0.031437719	0.000767266
25.94	0.032190879	0.000799403
25.95	0.032944462	0.000831606
25.96	0.033698465	0.000863876
25.97	0.034452888	0.000896211
25.98	0.03520773	0.000928613
25.99	0.035962991	0.000961079
26	0.03671867	0.000993611
26.01	0.037474766	0.001026208
26.02	0.038231278	0.00105887
26.03	0.038988206	0.001091596
26.04	0.039745549	0.001124387
26.05	0.040503305	0.001157242
26.06	0.041261474	0.001190161
26.07	0.042020056	0.001223143
26.08	0.04277905	0.001256189
26.09	0.043538454	0.001289299
26.1	0.044298268	0.001322471
26.11	0.045058491	0.001355707
26.12	0.045819123	0.001389004
26.13	0.046580162	0.001422365
26.14	0.047341608	0.001455787
26.15	0.048103459	0.001489272
26.16	0.048865716	0.001522818
26.17	0.049628378	0.001556426
26.18	0.050391442	0.001590094
26.19	0.05115491	0.001623824
26.2	0.051918779	0.001657615
26.21	0.052683049	0.001691467
26.22	0.053447719	0.001725378
26.23	0.054212789	0.00175935
26.24	0.054978257	0.001793382
26.25	0.055744123	0.001827473
26.26	0.056510386	0.001861624
26.27	0.057277044	0.001895834
26.28	0.058044098	0.001930103
26.29	0.058811546	0.001964431
26.3	0.059579388	0.001998817
26.31	0.060347622	0.002033261
26.32	0.061116248	0.002067764
26.33	0.061885265	0.002102324
26.34	0.062654671	0.002136942
26.35	0.063424467	0.002171617
26.36	0.064194652	0.002206349
26.37	0.064965223	0.002241139
26.38	0.065736182	0.002275984
26.39	0.066507525	0.002310886
26.4	0.067279254	0.002345845
26.41	0.068051367	0.002380859
26.42	0.068823863	0.002415929
26.43	0.069596741	0.002451054
26.44	0.07037	0.002486234
26.45	0.071143639	0.00252147
26.46	0.071917659	0.00255676
26.47	0.072692056	0.002592104
26.48	0.073466832	0.002627503
26.49	0.074241984	0.002662956
26.5	0.075017513	0.002698462
26.51	0.075793416	0.002734022
26.52	0.076569693	0.002769635
26.53	0.077346344	0.002805301
26.54	0.078123367	0.00284102
26.55	0.078900762	0.002876792
26.56	0.079678527	0.002912615
26.57	0.080456661	0.002948491
26.58	0.081235164	0.002984419
26.59	0.082014035	0.003020397
26.6	0.082793273	0.003056428
26.61	0.083572877	0.003092509
26.62	0.084352846	0.003128641
26.63	0.085133179	0.003164823
26.64	0.085913875	0.003201056
26.65	0.086694933	0.003237339
26.66	0.087476352	0.003273671
26.67	0.088258132	0.003310054
26.68	0.089040271	0.003346485
26.69	0.089822769	0.003382965
26.7	0.090605624	0.003419494
26.71	0.091388836	0.003456072
26.72	0.092172403	0.003492698
26.73	0.092956325	0.003529371
26.74	0.093740601	0.003566093
26.75	0.094525229	0.003602862
26.76	0.095310209	0.003639678
26.77	0.096095541	0.003676541
26.78	0.096881222	0.003713451
26.79	0.097667252	0.003750408
26.8	0.09845363	0.00378741
26.81	0.099240355	0.003824459
26.82	0.100027426	0.003861553
26.83	0.100814842	0.003898692
26.84	0.101602602	0.003935877
26.85	0.102390705	0.003973107
26.86	0.103179151	0.004010381
26.87	0.103967938	0.004047699
26.88	0.104757065	0.004085062
26.89	0.105546531	0.004122469
26.9	0.106336335	0.004159919
26.91	0.107126477	0.004197412
26.92	0.107916955	0.004234949
26.93	0.108707768	0.004272528
26.94	0.109498915	0.00431015
26.95	0.110290396	0.004347814
26.96	0.111082209	0.00438552
26.97	0.111874354	0.004423268
26.98	0.112666828	0.004461057
26.99	0.113459632	0.004498888
27	0.114252765	0.004536759
